id,attr_time,attr_light
1,1438189988406,1.0
2,1438189988422,1.0
3,1438189988447,1.0
4,1438189988464,1.0
5,1438189988485,1.0
6,1438189988505,1.0
7,1438189988525,1.0
8,1438189988545,1.0
9,1438189988564,1.0
10,1438189988584,1.0
11,1438189988605,1.0
12,1438189988626,1.0
13,1438189988646,1.0
14,1438189988662,1.0
15,1438189988682,1.0
16,1438189988706,1.0
17,1438189988726,0.0
18,1438189988747,0.0
19,1438189988765,0.0
20,1438189988785,0.0
21,1438189988804,0.0
22,1438189988825,0.0
23,1438189988847,0.0
24,1438189988867,0.0
25,1438189988888,0.0
26,1438189988905,0.0
27,1438189988926,0.0
28,1438189988997,0.0
29,1438189988998,0.0
30,1438189988999,0.0
31,1438189989006,0.0
32,1438189989025,0.0
33,1438189989047,0.0
34,1438189989062,0.0
35,1438189989083,0.0
36,1438189989103,0.0
37,1438189989127,0.0
38,1438189989150,0.0
39,1438189989167,0.0
40,1438189989184,0.0
41,1438189989205,0.0
42,1438189989225,0.0
43,1438189989246,0.0
44,1438189989266,0.0
45,1438189989286,0.0
46,1438189989306,0.0
47,1438189989326,0.0
48,1438189989346,0.0
49,1438189989367,0.0
50,1438189989387,0.0
51,1438189989406,0.0
52,1438189989426,0.0
53,1438189989444,0.0
54,1438189989463,0.0
55,1438189989484,0.0
56,1438189989503,0.0
57,1438189989529,0.0
58,1438189989549,0.0
59,1438189989567,0.0
60,1438189989584,0.0
61,1438189989605,0.0
62,1438189989625,0.0
63,1438189989647,0.0
64,1438189989666,0.0
65,1438189989736,0.0
66,1438189989737,0.0
67,1438189989738,0.0
68,1438189989746,0.0
69,1438189989767,0.0
70,1438189989788,0.0
71,1438189989803,0.0
72,1438189989824,0.0
73,1438189989845,0.0
74,1438189989866,0.0
75,1438189989885,0.0
76,1438189989905,0.0
77,1438189989928,0.0
78,1438189989947,0.0
79,1438189989966,0.0
80,1438189989986,0.0
81,1438189990007,0.0
82,1438189990030,0.0
83,1438189990046,0.0
84,1438189990067,0.0
85,1438189990087,0.0
86,1438189990107,0.0
87,1438189990125,0.0
88,1438189990146,0.0
89,1438189990168,0.0
90,1438189990186,0.0
91,1438189990206,0.0
92,1438189990224,0.0
93,1438189990249,0.0
94,1438189990268,0.0
95,1438189990287,0.0
96,1438189990307,0.0
97,1438189990325,0.0
98,1438189990346,0.0
99,1438189990366,0.0
100,1438189990393,0.0
101,1438189990465,0.0
102,1438189990466,0.0
103,1438189990467,0.0
104,1438189990468,0.0
105,1438189990486,0.0
106,1438189990505,0.0
107,1438189990526,0.0
108,1438189990544,0.0
109,1438189990566,0.0
110,1438189990586,0.0
111,1438189990605,0.0
112,1438189990626,0.0
113,1438189990648,0.0
114,1438189990666,0.0
115,1438189990688,0.0
116,1438189990708,0.0
117,1438189990727,0.0
118,1438189990748,0.0
119,1438189990768,0.0
120,1438189990788,0.0
121,1438189990808,0.0
122,1438189990828,0.0
123,1438189990846,0.0
124,1438189990867,0.0
125,1438189990888,0.0
126,1438189990905,0.0
127,1438189990926,0.0
128,1438189990946,0.0
129,1438189990970,0.0
130,1438189990990,0.0
131,1438189991010,0.0
132,1438189991028,0.0
133,1438189991047,0.0
134,1438189991067,0.0
135,1438189991088,0.0
136,1438189991106,0.0
137,1438189991126,0.0
138,1438189991233,0.0
139,1438189991234,0.0
140,1438189991235,0.0
141,1438189991236,0.0
142,1438189991237,0.0
143,1438189991248,0.0
144,1438189991265,0.0
145,1438189991286,0.0
146,1438189991306,0.0
147,1438189991328,0.0
148,1438189991346,0.0
149,1438189991365,0.0
150,1438189991393,0.0
151,1438189991419,0.0
152,1438189991455,0.0
153,1438189991456,0.0
154,1438189991465,0.0
155,1438189991486,0.0
156,1438189991508,0.0
157,1438189991529,0.0
158,1438189991548,0.0
159,1438189991569,0.0
160,1438189991588,0.0
161,1438189991608,0.0
162,1438189991628,0.0
163,1438189991649,0.0
164,1438189991670,0.0
165,1438189991686,0.0
166,1438189991709,0.0
167,1438189991728,0.0
168,1438189991750,0.0
169,1438189991769,0.0
170,1438189991789,0.0
171,1438189991809,0.0
172,1438189991828,0.0
173,1438189991848,0.0
174,1438189991869,0.0
175,1438189991889,0.0
176,1438189991910,0.0
177,1438189991928,0.0
178,1438189991957,0.0
179,1438189992011,0.0
180,1438189992012,0.0
181,1438189992013,0.0
182,1438189992026,0.0
183,1438189992046,0.0
184,1438189992067,0.0
185,1438189992086,0.0
186,1438189992106,0.0
187,1438189992128,0.0
188,1438189992146,0.0
189,1438189992168,0.0
190,1438189992199,0.0
191,1438189992213,0.0
192,1438189992226,0.0
193,1438189992247,0.0
194,1438189992268,0.0
195,1438189992292,0.0
196,1438189992306,0.0
197,1438189992329,0.0
198,1438189992349,0.0
199,1438189992367,0.0
200,1438189992389,0.0
201,1438189992409,0.0
202,1438189992427,0.0
203,1438189992449,0.0
204,1438189992467,0.0
205,1438189992495,0.0
206,1438189992506,0.0
207,1438189992526,0.0
208,1438189992548,0.0
209,1438189992570,0.0
210,1438189992589,0.0
211,1438189992610,0.0
212,1438189992629,0.0
213,1438189992647,0.0
214,1438189992668,0.0
215,1438189992699,0.0
216,1438189992767,0.0
217,1438189992768,0.0
218,1438189992769,0.0
219,1438189992770,0.0
220,1438189992788,0.0
221,1438189992809,0.0
222,1438189992827,0.0
223,1438189992847,0.0
224,1438189992869,0.0
225,1438189992887,0.0
226,1438189992907,0.0
227,1438189992927,0.0
228,1438189992950,0.0
229,1438189992970,0.0
230,1438189992989,0.0
231,1438189993010,0.0
232,1438189993030,0.0
233,1438189993049,0.0
234,1438189993070,0.0
235,1438189993088,0.0
236,1438189993110,0.0
237,1438189993130,0.0
238,1438189993152,0.0
239,1438189993168,0.0
240,1438189993193,0.0
241,1438189993209,0.0
242,1438189993230,0.0
243,1438189993249,0.0
244,1438189993270,0.0
245,1438189993291,0.0
246,1438189993311,0.0
247,1438189993330,0.0
248,1438189993350,0.0
249,1438189993368,0.0
250,1438189993389,0.0
251,1438189993416,0.0
252,1438189993471,0.0
253,1438189993472,0.0
254,1438189993473,0.0
255,1438189993495,0.0
256,1438189993508,0.0
257,1438189993535,0.0
258,1438189993549,0.0
259,1438189993569,0.0
260,1438189993589,0.0
261,1438189993607,0.0
262,1438189993628,0.0
263,1438189993648,0.0
264,1438189993670,0.0
265,1438189993688,0.0
266,1438189993709,0.0
267,1438189993730,0.0
268,1438189993751,0.0
269,1438189993796,0.0
270,1438189993797,0.0
271,1438189993809,0.0
272,1438189993830,0.0
273,1438189993851,0.0
274,1438189993871,0.0
275,1438189993889,0.0
276,1438189993909,0.0
277,1438189993929,0.0
278,1438189993948,0.0
279,1438189993969,0.0
280,1438189993992,0.0
281,1438189994011,0.0
282,1438189994032,0.0
283,1438189994054,0.0
284,1438189994069,0.0
285,1438189994271,0.0
286,1438189994272,0.0
287,1438189994273,0.0
288,1438189994274,0.0
289,1438189994275,0.0
290,1438189994276,0.0
291,1438189994277,0.0
292,1438189994278,0.0
293,1438189994279,0.0
294,1438189994280,0.0
295,1438189994302,0.0
296,1438189994328,0.0
297,1438189994329,0.0
298,1438189994348,0.0
299,1438189994368,0.0
300,1438189994390,0.0
301,1438189994440,0.0
302,1438189994441,0.0
303,1438189994466,0.0
304,1438189994475,0.0
305,1438189994488,0.0
306,1438189994509,0.0
307,1438189994528,0.0
308,1438189994548,0.0
309,1438189994574,0.0
310,1438189994592,0.0
311,1438189994612,0.0
312,1438189994628,0.0
313,1438189994648,0.0
314,1438189994668,0.0
315,1438189994688,0.0
316,1438189994708,0.0
317,1438189994728,0.0
318,1438189994748,0.0
319,1438189994769,0.0
320,1438189994787,0.0
321,1438189994807,0.0
322,1438189994828,0.0
323,1438189994847,0.0
324,1438189994867,0.0
325,1438189994887,0.0
326,1438189994907,0.0
327,1438189994927,0.0
328,1438189994947,0.0
329,1438189994967,0.0
330,1438189994987,0.0
331,1438189995007,0.0
332,1438189995027,0.0
333,1438189995047,0.0
334,1438189995067,0.0
335,1438189995087,0.0
336,1438189995107,0.0
337,1438189995127,0.0
338,1438189995147,0.0
339,1438189995169,0.0
340,1438189995189,0.0
341,1438189995209,0.0
342,1438189995229,0.0
343,1438189995249,0.0
344,1438189995268,0.0
345,1438189995290,0.0
346,1438189995310,0.0
347,1438189995332,0.0
348,1438189995348,0.0
349,1438189995371,0.0
350,1438189995389,0.0
351,1438189995410,0.0
352,1438189995429,0.0
353,1438189995449,0.0
354,1438189995469,0.0
355,1438189995490,0.0
356,1438189995524,0.0
357,1438189995535,0.0
358,1438189995557,0.0
359,1438189995568,0.0
360,1438189995590,0.0
361,1438189995610,0.0
362,1438189995629,0.0
363,1438189995650,0.0
364,1438189995670,0.0
365,1438189995690,0.0
366,1438189995710,0.0
367,1438189995729,0.0
368,1438189995749,0.0
369,1438189995770,0.0
370,1438189995790,0.0
371,1438189995810,0.0
372,1438189995832,0.0
373,1438189995851,0.0
374,1438189995876,0.0
375,1438189995892,0.0
376,1438189995912,0.0
377,1438189995932,0.0
378,1438189995953,0.0
379,1438189995970,0.0
380,1438189995991,0.0
381,1438189996012,0.0
382,1438189996031,0.0
383,1438189996054,0.0
384,1438189996071,0.0
385,1438189996091,0.0
386,1438189996111,0.0
387,1438189996131,0.0
388,1438189996292,0.0
389,1438189996293,0.0
390,1438189996294,0.0
391,1438189996295,0.0
392,1438189996296,0.0
393,1438189996297,0.0
394,1438189996298,0.0
395,1438189996299,0.0
396,1438189996458,0.0
397,1438189996459,0.0
398,1438189996460,0.0
399,1438189996461,0.0
400,1438189996462,0.0
401,1438189996463,0.0
402,1438189996464,0.0
403,1438189996465,0.0
404,1438189996494,0.0
405,1438189996495,0.0
406,1438189996510,0.0
407,1438189996531,0.0
408,1438189996554,0.0
409,1438189996571,0.0
410,1438189996593,0.0
411,1438189996611,0.0
412,1438189996630,0.0
413,1438189996653,0.0
414,1438189996671,0.0
415,1438189996693,0.0
416,1438189996711,0.0
417,1438189996731,0.0
418,1438189996753,0.0
419,1438189996771,0.0
420,1438189996792,0.0
421,1438189996811,0.0
422,1438189996832,0.0
423,1438189996854,0.0
424,1438189996871,0.0
425,1438189996892,0.0
426,1438189996910,0.0
427,1438189996931,0.0
428,1438189996950,0.0
429,1438189996970,0.0
430,1438189996993,0.0
431,1438189997013,0.0
432,1438189997032,0.0
433,1438189997059,0.0
434,1438189997118,0.0
435,1438189997119,0.0
436,1438189997120,0.0
437,1438189997137,0.0
438,1438189997151,0.0
439,1438189997173,0.0
440,1438189997197,0.0
441,1438189997217,0.0
442,1438189997257,0.0
443,1438189997258,0.0
444,1438189997280,0.0
445,1438189997292,0.0
446,1438189997319,0.0
447,1438189997331,0.0
448,1438189997351,0.0
449,1438189997375,0.0
450,1438189997393,0.0
451,1438189997413,0.0
452,1438189997433,0.0
453,1438189997453,0.0
454,1438189997473,0.0
455,1438189997493,0.0
456,1438189997515,0.0
457,1438189997533,0.0
458,1438189997558,0.0
459,1438189997575,0.0
460,1438189997593,0.0
461,1438189997611,0.0
462,1438189997633,0.0
463,1438189997653,0.0
464,1438189997671,0.0
465,1438189997691,0.0
466,1438189997711,0.0
467,1438189997738,0.0
468,1438189997751,0.0
469,1438189997771,0.0
470,1438189997793,0.0
471,1438189997811,0.0
472,1438189997831,0.0
473,1438189997851,0.0
474,1438189997872,0.0
475,1438189997891,0.0
476,1438189997911,0.0
477,1438189997931,0.0
478,1438189997952,0.0
479,1438189997971,0.0
480,1438189997992,0.0
481,1438189998012,0.0
482,1438189998033,0.0
483,1438189998053,0.0
484,1438189998071,0.0
485,1438189998094,0.0
486,1438189998115,0.0
487,1438189998134,0.0
488,1438189998154,0.0
489,1438189998176,0.0
490,1438189998201,0.0
491,1438189998215,0.0
492,1438189998234,0.0
493,1438189998254,0.0
494,1438189998273,0.0
495,1438189998294,0.0
496,1438189998315,0.0
497,1438189998333,0.0
498,1438189998352,0.0
499,1438189998372,0.0
500,1438189998396,0.0
501,1438189998417,0.0
502,1438189998437,0.0
503,1438189998454,0.0
504,1438189998472,0.0
505,1438189998492,0.0
506,1438189998512,0.0
507,1438189998533,0.0
508,1438189998554,0.0
509,1438189998622,0.0
510,1438189998623,0.0
511,1438189998624,0.0
512,1438189998633,0.0
513,1438189998652,0.0
514,1438189998673,0.0
515,1438189998705,0.0
516,1438189998712,0.0
517,1438189998732,0.0
518,1438189998764,0.0
519,1438189998772,0.0
520,1438189998793,0.0
521,1438189998816,0.0
522,1438189998832,0.0
523,1438189998852,0.0
524,1438189998872,0.0
525,1438189998892,0.0
526,1438189998912,0.0
527,1438189998932,0.0
528,1438189998952,0.0
529,1438189998972,0.0
530,1438189999000,0.0
531,1438189999029,0.0
532,1438189999038,0.0
533,1438189999056,0.0
534,1438189999079,0.0
535,1438189999098,0.0
536,1438189999118,0.0
537,1438189999136,0.0
538,1438189999153,0.0
539,1438189999176,0.0
540,1438189999200,0.0
541,1438189999218,0.0
542,1438189999233,0.0
543,1438189999259,0.0
544,1438189999275,0.0
545,1438189999305,0.0
546,1438189999378,0.0
547,1438189999379,0.0
548,1438189999380,0.0
549,1438189999381,0.0
550,1438189999395,0.0
551,1438189999413,0.0
552,1438189999433,0.0
553,1438189999457,0.0
554,1438189999476,0.0
555,1438189999494,0.0
556,1438189999515,0.0
557,1438189999533,0.0
558,1438189999558,0.0
559,1438189999575,0.0
560,1438189999596,0.0
561,1438189999616,0.0
562,1438189999636,0.0
563,1438189999656,0.0
564,1438189999675,0.0
565,1438189999696,0.0
566,1438189999716,0.0
567,1438189999736,0.0
568,1438189999757,0.0
569,1438189999774,0.0
570,1438189999796,0.0
571,1438189999817,0.0
572,1438189999838,0.0
573,1438189999857,0.0
574,1438189999877,0.0
575,1438189999895,0.0
576,1438189999916,0.0
577,1438189999935,0.0
578,1438189999958,0.0
579,1438189999979,0.0
580,1438189999998,0.0
581,1438190000017,0.0
582,1438190000042,0.0
583,1438190000113,0.0
584,1438190000114,0.0
585,1438190000115,0.0
586,1438190000116,0.0
587,1438190000133,0.0
588,1438190000169,0.0
589,1438190000175,0.0
590,1438190000197,0.0
591,1438190000213,0.0
592,1438190000234,0.0
593,1438190000260,0.0
594,1438190000277,0.0
595,1438190000294,0.0
596,1438190000317,0.0
597,1438190000337,0.0
598,1438190000357,0.0
599,1438190000377,0.0
600,1438190000395,0.0
601,1438190000417,0.0
602,1438190000437,0.0
603,1438190000457,0.0
604,1438190000480,0.0
605,1438190000497,0.0
606,1438190000516,0.0
607,1438190000537,0.0
608,1438190000557,0.0
609,1438190000577,0.0
610,1438190000597,0.0
611,1438190000617,0.0
612,1438190000637,0.0
613,1438190000658,0.0
614,1438190000677,0.0
615,1438190000699,0.0
616,1438190000717,0.0
617,1438190000737,0.0
618,1438190000757,0.0
619,1438190000783,0.0
620,1438190000839,0.0
621,1438190000840,0.0
622,1438190000841,0.0
623,1438190000861,0.0
624,1438190000874,0.0
625,1438190000904,0.0
626,1438190000915,0.0
627,1438190000936,0.0
628,1438190000957,0.0
629,1438190000975,0.0
630,1438190000996,0.0
631,1438190001016,0.0
632,1438190001036,0.0
633,1438190001055,0.0
634,1438190001078,0.0
635,1438190001098,0.0
636,1438190001115,0.0
637,1438190001138,0.0
638,1438190001154,0.0
639,1438190001176,0.0
640,1438190001200,0.0
641,1438190001218,0.0
642,1438190001235,0.0
643,1438190001255,0.0
644,1438190001278,0.0
645,1438190001296,0.0
646,1438190001316,0.0
647,1438190001335,0.0
648,1438190001358,0.0
649,1438190001378,0.0
650,1438190001398,0.0
651,1438190001415,0.0
652,1438190001435,0.0
653,1438190001455,0.0
654,1438190001475,0.0
655,1438190001495,0.0
656,1438190001516,0.0
657,1438190001571,0.0
658,1438190001572,0.0
659,1438190001580,0.0
660,1438190001595,0.0
661,1438190001617,0.0
662,1438190001637,0.0
663,1438190001655,0.0
664,1438190001680,0.0
665,1438190001696,0.0
666,1438190001716,0.0
667,1438190001738,0.0
668,1438190001756,0.0
669,1438190001778,0.0
670,1438190001798,0.0
671,1438190001818,0.0
672,1438190001837,0.0
673,1438190001859,0.0
674,1438190001878,0.0
675,1438190001898,0.0
676,1438190001918,0.0
677,1438190001936,0.0
678,1438190001959,0.0
679,1438190001977,0.0
680,1438190001996,0.0
681,1438190002019,0.0
682,1438190002037,0.0
683,1438190002055,0.0
684,1438190002078,0.0
685,1438190002101,0.0
686,1438190002121,0.0
687,1438190002152,0.0
688,1438190002158,0.0
689,1438190002176,0.0
690,1438190002206,0.0
691,1438190002217,0.0
692,1438190002235,0.0
693,1438190002302,0.0
694,1438190002303,0.0
695,1438190002304,0.0
696,1438190002324,0.0
697,1438190002336,0.0
698,1438190002360,0.0
699,1438190002376,0.0
700,1438190002396,0.0
701,1438190002428,0.0
702,1438190002437,0.0
703,1438190002457,0.0
704,1438190002477,0.0
705,1438190002498,0.0
706,1438190002516,0.0
707,1438190002539,0.0
708,1438190002559,0.0
709,1438190002579,0.0
710,1438190002599,0.0
711,1438190002619,0.0
712,1438190002639,0.0
713,1438190002660,0.0
714,1438190002679,0.0
715,1438190002698,0.0
716,1438190002719,0.0
717,1438190002739,0.0
718,1438190002759,0.0
719,1438190002779,0.0
720,1438190002799,0.0
721,1438190002819,0.0
722,1438190002839,0.0
723,1438190002859,0.0
724,1438190002878,0.0
725,1438190002899,0.0
726,1438190002919,0.0
727,1438190002937,0.0
728,1438190003031,0.0
729,1438190003032,0.0
730,1438190003033,0.0
731,1438190003034,0.0
732,1438190003042,0.0
733,1438190003056,0.0
734,1438190003078,0.0
735,1438190003096,0.0
736,1438190003118,0.0
737,1438190003138,0.0
738,1438190003161,0.0
739,1438190003184,0.0
740,1438190003199,0.0
741,1438190003222,0.0
742,1438190003238,0.0
743,1438190003257,0.0
744,1438190003317,0.0
745,1438190003318,0.0
746,1438190003319,0.0
747,1438190003344,0.0
748,1438190003377,0.0
749,1438190003378,0.0
750,1438190003397,0.0
751,1438190003417,0.0
752,1438190003437,0.0
753,1438190003460,0.0
754,1438190003477,0.0
755,1438190003497,0.0
756,1438190003521,0.0
757,1438190003540,0.0
758,1438190003557,0.0
759,1438190003577,0.0
760,1438190003599,0.0
761,1438190003617,0.0
762,1438190003637,0.0
763,1438190003657,0.0
764,1438190003677,0.0
765,1438190003699,0.0
766,1438190003717,0.0
767,1438190003737,0.0
768,1438190003762,0.0
769,1438190003795,0.0
770,1438190003797,0.0
771,1438190003816,0.0
772,1438190003837,0.0
773,1438190003857,0.0
774,1438190003877,0.0
775,1438190003897,0.0
776,1438190003918,0.0
777,1438190003938,0.0
778,1438190003956,0.0
779,1438190003977,0.0
780,1438190003996,0.0
781,1438190004016,0.0
782,1438190004038,0.0
783,1438190004060,0.0
784,1438190004079,0.0
785,1438190004097,0.0
786,1438190004118,0.0
787,1438190004139,0.0
788,1438190004158,0.0
789,1438190004179,0.0
790,1438190004197,0.0
791,1438190004219,0.0
792,1438190004239,0.0
793,1438190004259,0.0
794,1438190004277,0.0
795,1438190004298,0.0
796,1438190004319,0.0
797,1438190004338,0.0
798,1438190004358,0.0
799,1438190004401,0.0
800,1438190004402,0.0
801,1438190004417,0.0
802,1438190004438,0.0
803,1438190004457,0.0
804,1438190004478,0.0
805,1438190004497,0.0
806,1438190004518,0.0
807,1438190004537,0.0
808,1438190004561,0.0
809,1438190004581,0.0
810,1438190004601,0.0
811,1438190004620,0.0
812,1438190004641,0.0
813,1438190004661,0.0
814,1438190004681,0.0
815,1438190004702,0.0
816,1438190004720,0.0
817,1438190004740,0.0
818,1438190004758,0.0
819,1438190004780,0.0
820,1438190004801,0.0
821,1438190004818,0.0
822,1438190004838,0.0
823,1438190004858,0.0
824,1438190004884,0.0
825,1438190004904,0.0
826,1438190004923,0.0
827,1438190004939,0.0
828,1438190004959,0.0
829,1438190004978,0.0
830,1438190004998,0.0
831,1438190005020,0.0
832,1438190005042,0.0
833,1438190005111,0.0
834,1438190005112,0.0
835,1438190005113,0.0
836,1438190005122,0.0
837,1438190005139,0.0
838,1438190005179,0.0
839,1438190005180,0.0
840,1438190005198,0.0
841,1438190005218,0.0
842,1438190005240,0.0
843,1438190005259,0.0
844,1438190005280,0.0
845,1438190005300,0.0
846,1438190005319,0.0
847,1438190005342,0.0
848,1438190005361,0.0
849,1438190005379,0.0
850,1438190005399,0.0
851,1438190005419,0.0
852,1438190005441,0.0
853,1438190005460,0.0
854,1438190005484,0.0
855,1438190005504,0.0
856,1438190005531,0.0
857,1438190005539,0.0
858,1438190005560,0.0
859,1438190005581,0.0
860,1438190005599,0.0
861,1438190005619,0.0
862,1438190005642,0.0
863,1438190005662,0.0
864,1438190005683,0.0
865,1438190005702,0.0
866,1438190005720,0.0
867,1438190005740,0.0
868,1438190005760,0.0
869,1438190005780,0.0
870,1438190005801,0.0
871,1438190005869,0.0
872,1438190005870,0.0
873,1438190005871,0.0
874,1438190005879,0.0
875,1438190005902,0.0
876,1438190005919,0.0
877,1438190005941,0.0
878,1438190005960,0.0
879,1438190005981,0.0
880,1438190006001,0.0
881,1438190006020,0.0
882,1438190006041,0.0
883,1438190006060,0.0
884,1438190006082,0.0
885,1438190006103,0.0
886,1438190006123,0.0
887,1438190006140,0.0
888,1438190006162,0.0
889,1438190006179,0.0
890,1438190006202,0.0
891,1438190006219,0.0
892,1438190006243,0.0
893,1438190006260,0.0
894,1438190006283,0.0
895,1438190006301,0.0
896,1438190006320,0.0
897,1438190006340,0.0
898,1438190006361,0.0
899,1438190006380,0.0
900,1438190006409,0.0
901,1438190006420,0.0
902,1438190006447,0.0
903,1438190006467,0.0
904,1438190006480,0.0
905,1438190006501,0.0
906,1438190006527,0.0
907,1438190006584,0.0
908,1438190006585,0.0
909,1438190006586,0.0
910,1438190006606,0.0
911,1438190006621,0.0
912,1438190006641,0.0
913,1438190006660,0.0
914,1438190006684,0.0
915,1438190006700,0.0
916,1438190006721,0.0
917,1438190006742,0.0
918,1438190006761,0.0
919,1438190006781,0.0
920,1438190006803,0.0
921,1438190006821,0.0
922,1438190006841,0.0
923,1438190006862,0.0
924,1438190006881,0.0
925,1438190006903,0.0
926,1438190006921,0.0
927,1438190006943,0.0
928,1438190006960,0.0
929,1438190006982,0.0
930,1438190007000,0.0
931,1438190007023,0.0
932,1438190007041,0.0
933,1438190007065,0.0
934,1438190007081,0.0
935,1438190007102,0.0
936,1438190007124,0.0
937,1438190007146,0.0
938,1438190007163,0.0
939,1438190007188,0.0
940,1438190007205,0.0
941,1438190007225,0.0
942,1438190007244,0.0
943,1438190007261,0.0
944,1438190007331,0.0
945,1438190007332,0.0
946,1438190007333,0.0
947,1438190007340,0.0
948,1438190007363,0.0
949,1438190007386,0.0
950,1438190007401,0.0
951,1438190007421,0.0
952,1438190007444,0.0
953,1438190007462,0.0
954,1438190007483,0.0
955,1438190007502,0.0
956,1438190007521,0.0
957,1438190007545,0.0
958,1438190007563,0.0
959,1438190007584,0.0
960,1438190007603,0.0
961,1438190007623,0.0
962,1438190007645,0.0
963,1438190007663,0.0
964,1438190007684,0.0
965,1438190007703,0.0
966,1438190007722,0.0
967,1438190007745,0.0
968,1438190007763,0.0
969,1438190007784,0.0
970,1438190007804,0.0
971,1438190007825,0.0
972,1438190007843,0.0
973,1438190007864,0.0
974,1438190007884,0.0
975,1438190007904,0.0
976,1438190007925,0.0
977,1438190007945,0.0
978,1438190007963,0.0
979,1438190007982,0.0
980,1438190008047,0.0
981,1438190008048,0.0
982,1438190008049,0.0
983,1438190008068,0.0
984,1438190008081,0.0
985,1438190008102,0.0
986,1438190008122,0.0
987,1438190008148,0.0
988,1438190008168,0.0
989,1438190008181,0.0
990,1438190008205,0.0
991,1438190008224,0.0
992,1438190008243,0.0
993,1438190008262,0.0
994,1438190008285,0.0
995,1438190008306,0.0
996,1438190008325,0.0
997,1438190008345,0.0
998,1438190008365,0.0
999,1438190008385,0.0
1000,1438190008405,0.0
1001,1438190008424,0.0
1002,1438190008445,0.0
1003,1438190008466,0.0
1004,1438190008482,0.0
1005,1438190008505,0.0
1006,1438190008522,0.0
1007,1438190008545,0.0
1008,1438190008566,0.0
1009,1438190008585,0.0
1010,1438190008605,0.0
1011,1438190008625,0.0
1012,1438190008645,0.0
1013,1438190008662,0.0
1014,1438190008682,0.0
1015,1438190008702,0.0
1016,1438190008723,0.0
1017,1438190008742,0.0
1018,1438190008779,0.0
1019,1438190008787,0.0
1020,1438190008802,0.0
1021,1438190008825,0.0
1022,1438190008842,0.0
1023,1438190008869,0.0
1024,1438190008882,0.0
1025,1438190008903,0.0
1026,1438190008922,0.0
1027,1438190008942,0.0
1028,1438190008962,0.0
1029,1438190008982,0.0
1030,1438190009002,0.0
1031,1438190009022,0.0
1032,1438190009042,0.0
1033,1438190009062,0.0
1034,1438190009082,0.0
1035,1438190009102,0.0
1036,1438190009122,0.0
1037,1438190009145,0.0
1038,1438190009168,0.0
1039,1438190009189,0.0
1040,1438190009209,0.0
1041,1438190009225,0.0
1042,1438190009249,0.0
1043,1438190009267,0.0
1044,1438190009285,0.0
1045,1438190009306,0.0
1046,1438190009325,0.0
1047,1438190009346,0.0
1048,1438190009366,0.0
1049,1438190009385,0.0
1050,1438190009405,0.0
1051,1438190009424,0.0
1052,1438190009446,0.0
1053,1438190009463,0.0
1054,1438190009492,0.0
1055,1438190009508,0.0
1056,1438190009525,0.0
1057,1438190009542,0.0
1058,1438190009564,0.0
1059,1438190009583,0.0
1060,1438190009603,0.0
1061,1438190009622,0.0
1062,1438190009646,0.0
1063,1438190009666,0.0
1064,1438190009686,0.0
1065,1438190009702,0.0
1066,1438190009726,0.0
1067,1438190009746,0.0
1068,1438190009766,0.0
1069,1438190009786,0.0
1070,1438190009806,0.0
1071,1438190009826,0.0
1072,1438190009843,0.0
1073,1438190009866,0.0
1074,1438190009886,0.0
1075,1438190009905,0.0
1076,1438190009925,0.0
1077,1438190009943,0.0
1078,1438190009967,0.0
1079,1438190009988,0.0
1080,1438190010008,0.0
1081,1438190010026,0.0
1082,1438190010044,0.0
1083,1438190010064,0.0
1084,1438190010085,0.0
1085,1438190010107,0.0
1086,1438190010123,0.0
1087,1438190010244,0.0
1088,1438190010245,0.0
1089,1438190010246,0.0
1090,1438190010247,0.0
1091,1438190010248,0.0
1092,1438190010249,0.0
1093,1438190010264,0.0
1094,1438190010283,0.0
1095,1438190010303,0.0
1096,1438190010329,0.0
1097,1438190010347,0.0
1098,1438190010367,0.0
1099,1438190010385,0.0
1100,1438190010408,0.0
1101,1438190010427,0.0
1102,1438190010446,0.0
1103,1438190010468,0.0
1104,1438190010486,0.0
1105,1438190010507,0.0
1106,1438190010529,0.0
1107,1438190010546,0.0
1108,1438190010567,0.0
1109,1438190010587,0.0
1110,1438190010607,0.0
1111,1438190010626,0.0
1112,1438190010647,0.0
1113,1438190010664,0.0
1114,1438190010684,0.0
1115,1438190010704,0.0
1116,1438190010729,0.0
1117,1438190010749,0.0
1118,1438190010770,0.0
1119,1438190010787,0.0
1120,1438190010804,0.0
1121,1438190010825,0.0
1122,1438190010844,0.0
1123,1438190010866,0.0
1124,1438190010885,0.0
1125,1438190010952,0.0
1126,1438190010953,0.0
1127,1438190010954,0.0
1128,1438190010966,0.0
1129,1438190010990,0.0
1130,1438190011006,0.0
1131,1438190011025,0.0
1132,1438190011047,0.0
1133,1438190011066,0.0
1134,1438190011088,0.0
1135,1438190011105,0.0
1136,1438190011127,0.0
1137,1438190011147,0.0
1138,1438190011165,0.0
1139,1438190011186,0.0
1140,1438190011205,0.0
1141,1438190011226,0.0
1142,1438190011245,0.0
1143,1438190011268,0.0
1144,1438190011288,0.0
1145,1438190011308,0.0
1146,1438190011326,0.0
1147,1438190011348,0.0
1148,1438190011368,0.0
1149,1438190011388,0.0
1150,1438190011406,0.0
1151,1438190011426,0.0
1152,1438190011448,0.0
1153,1438190011467,0.0
1154,1438190011488,0.0
1155,1438190011510,0.0
1156,1438190011525,0.0
1157,1438190011576,0.0
1158,1438190011577,0.0
1159,1438190011586,0.0
1160,1438190011605,0.0
1161,1438190011625,0.0
1162,1438190011678,0.0
1163,1438190011679,0.0
1164,1438190011689,0.0
1165,1438190011706,0.0
1166,1438190011726,0.0
1167,1438190011746,0.0
1168,1438190011765,0.0
1169,1438190011789,0.0
1170,1438190011806,0.0
1171,1438190011826,0.0
1172,1438190011847,0.0
1173,1438190011866,0.0
1174,1438190011888,0.0
1175,1438190011908,0.0
1176,1438190011928,0.0
1177,1438190011948,0.0
1178,1438190011968,0.0
1179,1438190011988,0.0
1180,1438190012008,0.0
1181,1438190012028,0.0
1182,1438190012048,0.0
1183,1438190012068,0.0
1184,1438190012087,0.0
1185,1438190012108,0.0
1186,1438190012128,0.0
1187,1438190012145,0.0
1188,1438190012169,0.0
1189,1438190012186,0.0
1190,1438190012206,0.0
1191,1438190012233,0.0
1192,1438190012245,0.0
1193,1438190012269,0.0
1194,1438190012285,0.0
1195,1438190012306,0.0
1196,1438190012326,0.0
1197,1438190012347,0.0
1198,1438190012370,0.0
1199,1438190012453,0.0
1200,1438190012454,0.0
1201,1438190012455,0.0
1202,1438190012456,0.0
1203,1438190012466,0.0
1204,1438190012503,0.0
1205,1438190012509,0.0
1206,1438190012527,0.0
1207,1438190012559,0.0
1208,1438190012582,0.0
1209,1438190012591,0.0
1210,1438190012612,0.0
1211,1438190012629,0.0
1212,1438190012646,0.0
1213,1438190012666,0.0
1214,1438190012688,0.0
1215,1438190012706,0.0
1216,1438190012727,0.0
1217,1438190012748,0.0
1218,1438190012766,0.0
1219,1438190012786,0.0
1220,1438190012806,0.0
1221,1438190012852,0.0
1222,1438190012853,0.0
1223,1438190012866,0.0
1224,1438190012885,0.0
1225,1438190012905,0.0
1226,1438190012925,0.0
1227,1438190012945,0.0
1228,1438190012966,0.0
1229,1438190012985,0.0
1230,1438190013006,0.0
1231,1438190013025,0.0
1232,1438190013046,0.0
1233,1438190013065,0.0
1234,1438190013085,0.0
1235,1438190013105,0.0
1236,1438190013127,0.0
1237,1438190013145,0.0
1238,1438190013165,0.0
1239,1438190013186,0.0
1240,1438190013206,0.0
1241,1438190013225,0.0
1242,1438190013245,0.0
1243,1438190013265,0.0
1244,1438190013286,0.0
1245,1438190013305,0.0
1246,1438190013327,0.0
1247,1438190013345,0.0
1248,1438190013365,0.0
1249,1438190013386,0.0
1250,1438190013407,0.0
1251,1438190013427,0.0
1252,1438190013447,0.0
1253,1438190013466,0.0
1254,1438190013486,0.0
1255,1438190013506,0.0
1256,1438190013526,0.0
1257,1438190013546,0.0
1258,1438190013566,0.0
1259,1438190013586,0.0
1260,1438190013606,0.0
1261,1438190013627,0.0
1262,1438190013647,0.0
1263,1438190013667,0.0
1264,1438190013686,0.0
1265,1438190013706,0.0
1266,1438190013728,0.0
1267,1438190013747,0.0
1268,1438190013766,0.0
1269,1438190013802,0.0
1270,1438190013806,0.0
1271,1438190013826,0.0
1272,1438190013846,0.0
1273,1438190013866,0.0
1274,1438190013886,0.0
1275,1438190013908,0.0
1276,1438190013927,0.0
1277,1438190013946,0.0
1278,1438190013967,0.0
1279,1438190013987,0.0
1280,1438190014008,0.0
1281,1438190014028,0.0
1282,1438190014047,0.0
1283,1438190014067,0.0
1284,1438190014087,0.0
1285,1438190014107,0.0
1286,1438190014127,0.0
1287,1438190014147,0.0
1288,1438190014167,0.0
1289,1438190014187,0.0
1290,1438190014207,0.0
1291,1438190014227,0.0
1292,1438190014247,0.0
1293,1438190014267,0.0
1294,1438190014287,0.0
1295,1438190014308,0.0
1296,1438190014327,0.0
1297,1438190014347,0.0
1298,1438190014368,0.0
1299,1438190014387,0.0
1300,1438190014407,0.0
1301,1438190014427,0.0
1302,1438190014447,0.0
1303,1438190014467,0.0
1304,1438190014487,0.0
1305,1438190014507,0.0
1306,1438190014527,0.0
1307,1438190014547,0.0
1308,1438190014568,0.0
1309,1438190014587,0.0
1310,1438190014607,0.0
1311,1438190014627,0.0
1312,1438190014647,0.0
1313,1438190014668,0.0
1314,1438190014687,0.0
1315,1438190014707,0.0
1316,1438190014727,0.0
1317,1438190014747,0.0
1318,1438190014768,0.0
1319,1438190014787,0.0
1320,1438190014807,0.0
1321,1438190014827,0.0
1322,1438190014863,0.0
1323,1438190014868,0.0
1324,1438190014887,0.0
1325,1438190014907,0.0
1326,1438190014928,0.0
1327,1438190014949,0.0
1328,1438190014968,0.0
1329,1438190014988,0.0
1330,1438190015024,0.0
1331,1438190015030,0.0
1332,1438190015048,0.0
1333,1438190015068,0.0
1334,1438190015088,0.0
1335,1438190015108,0.0
1336,1438190015128,0.0
1337,1438190015148,0.0
1338,1438190015168,0.0
1339,1438190015189,0.0
1340,1438190015208,0.0
1341,1438190015228,0.0
1342,1438190015248,0.0
1343,1438190015268,0.0
1344,1438190015289,0.0
1345,1438190015308,0.0
1346,1438190015328,0.0
1347,1438190015349,0.0
1348,1438190015368,0.0
1349,1438190015388,0.0
1350,1438190015408,0.0
1351,1438190015429,0.0
1352,1438190015448,0.0
1353,1438190015469,0.0
1354,1438190015489,0.0
1355,1438190015511,0.0
1356,1438190015532,0.0
1357,1438190015552,0.0
1358,1438190015568,0.0
1359,1438190015588,0.0
1360,1438190015610,0.0
1361,1438190015630,0.0
1362,1438190015650,0.0
1363,1438190015669,0.0
1364,1438190015702,0.0
1365,1438190015712,0.0
1366,1438190015728,0.0
1367,1438190015750,0.0
1368,1438190015771,0.0
1369,1438190015788,0.0
1370,1438190015810,0.0
1371,1438190015830,0.0
1372,1438190015850,0.0
1373,1438190015871,0.0
1374,1438190015889,0.0
1375,1438190015909,0.0
1376,1438190015931,0.0
1377,1438190015949,0.0
1378,1438190015970,0.0
1379,1438190015989,0.0
1380,1438190016010,0.0
1381,1438190016031,0.0
1382,1438190016051,0.0
1383,1438190016071,0.0
1384,1438190016090,0.0
1385,1438190016109,0.0
1386,1438190016130,0.0
1387,1438190016149,0.0
1388,1438190016170,0.0
1389,1438190016194,0.0
1390,1438190016212,0.0
1391,1438190016241,0.0
1392,1438190016250,0.0
1393,1438190016270,0.0
1394,1438190016290,0.0
1395,1438190016310,0.0
1396,1438190016339,0.0
1397,1438190016396,0.0
1398,1438190016397,0.0
1399,1438190016398,0.0
1400,1438190016417,0.0
1401,1438190016430,0.0
1402,1438190016453,0.0
1403,1438190016498,0.0
1404,1438190016499,0.0
1405,1438190016515,0.0
1406,1438190016529,0.0
1407,1438190016551,0.0
1408,1438190016569,0.0
1409,1438190016590,0.0
1410,1438190016617,0.0
1411,1438190016630,0.0
1412,1438190016655,0.0
1413,1438190016670,0.0
1414,1438190016690,0.0
1415,1438190016710,0.0
1416,1438190016731,0.0
1417,1438190016750,0.0
1418,1438190016770,0.0
1419,1438190016791,0.0
1420,1438190016812,0.0
1421,1438190016831,0.0
1422,1438190016852,0.0
1423,1438190016870,0.0
1424,1438190016891,0.0
1425,1438190016910,0.0
1426,1438190016931,0.0
1427,1438190016952,0.0
1428,1438190016970,0.0
1429,1438190016991,0.0
1430,1438190017012,0.0
1431,1438190017031,0.0
1432,1438190017053,0.0
1433,1438190017070,0.0
1434,1438190017091,0.0
1435,1438190017113,0.0
1436,1438190017132,0.0
1437,1438190017272,0.0
1438,1438190017273,0.0
1439,1438190017274,0.0
1440,1438190017275,0.0
1441,1438190017276,0.0
1442,1438190017277,0.0
1443,1438190017278,0.0
1444,1438190017293,0.0
1445,1438190017315,0.0
1446,1438190017330,0.0
1447,1438190017350,0.0
1448,1438190017370,0.0
1449,1438190017391,0.0
1450,1438190017411,0.0
1451,1438190017434,0.0
1452,1438190017451,0.0
1453,1438190017471,0.0
1454,1438190017492,0.0
1455,1438190017512,0.0
1456,1438190017532,0.0
1457,1438190017553,0.0
1458,1438190017571,0.0
1459,1438190017593,0.0
1460,1438190017612,0.0
1461,1438190017633,0.0
1462,1438190017652,0.0
1463,1438190017671,0.0
1464,1438190017693,0.0
1465,1438190017713,0.0
1466,1438190017731,0.0
1467,1438190017753,0.0
1468,1438190017771,0.0
1469,1438190017790,0.0
1470,1438190017811,0.0
1471,1438190017833,0.0
1472,1438190017853,0.0
1473,1438190017871,0.0
1474,1438190017893,0.0
1475,1438190017926,0.0
1476,1438190017958,0.0
1477,1438190017959,0.0
1478,1438190017996,0.0
1479,1438190017997,0.0
1480,1438190018018,0.0
1481,1438190018031,0.0
1482,1438190018051,0.0
1483,1438190018071,0.0
1484,1438190018091,0.0
1485,1438190018113,0.0
1486,1438190018132,0.0
1487,1438190018153,0.0
1488,1438190018172,0.0
1489,1438190018201,0.0
1490,1438190018212,0.0
1491,1438190018233,0.0
1492,1438190018253,0.0
1493,1438190018273,0.0
1494,1438190018294,0.0
1495,1438190018314,0.0
1496,1438190018334,0.0
1497,1438190018353,0.0
1498,1438190018373,0.0
1499,1438190018394,0.0
1500,1438190018413,0.0
1501,1438190018432,0.0
1502,1438190018456,0.0
1503,1438190018476,0.0
1504,1438190018497,0.0
1505,1438190018512,0.0
1506,1438190018531,0.0
1507,1438190018557,0.0
1508,1438190018575,0.0
1509,1438190018595,0.0
1510,1438190018617,0.0
1511,1438190018636,0.0
1512,1438190018656,0.0
1513,1438190018675,0.0
1514,1438190018801,0.0
1515,1438190018802,0.0
1516,1438190018803,0.0
1517,1438190018804,0.0
1518,1438190018805,0.0
1519,1438190018806,0.0
1520,1438190018816,0.0
1521,1438190018866,0.0
1522,1438190018867,0.0
1523,1438190018872,0.0
1524,1438190018912,0.0
1525,1438190018913,0.0
1526,1438190018932,0.0
1527,1438190018952,0.0
1528,1438190018972,0.0
1529,1438190018992,0.0
1530,1438190019012,0.0
1531,1438190019032,0.0
1532,1438190019052,0.0
1533,1438190019072,0.0
1534,1438190019092,0.0
1535,1438190019112,0.0
1536,1438190019135,0.0
1537,1438190019180,0.0
1538,1438190019181,0.0
1539,1438190019193,0.0
1540,1438190019212,0.0
1541,1438190019235,0.0
1542,1438190019252,0.0
1543,1438190019272,0.0
1544,1438190019293,0.0
1545,1438190019318,0.0
1546,1438190019338,0.0
1547,1438190019358,0.0
1548,1438190019375,0.0
1549,1438190019393,0.0
1550,1438190019412,0.0
1551,1438190019436,0.0
1552,1438190019455,0.0
1553,1438190019479,0.0
1554,1438190019542,0.0
1555,1438190019543,0.0
1556,1438190019544,0.0
1557,1438190019552,0.0
1558,1438190019579,0.0
1559,1438190019595,0.0
1560,1438190019615,0.0
1561,1438190019633,0.0
1562,1438190019652,0.0
1563,1438190019677,0.0
1564,1438190019694,0.0
1565,1438190019713,0.0
1566,1438190019732,0.0
1567,1438190019756,0.0
1568,1438190019775,0.0
1569,1438190019795,0.0
1570,1438190019825,0.0
1571,1438190019833,0.0
1572,1438190019853,0.0
1573,1438190019873,0.0
1574,1438190019893,0.0
1575,1438190019917,0.0
1576,1438190019937,0.0
1577,1438190019956,0.0
1578,1438190019978,0.0
1579,1438190019998,0.0
1580,1438190020019,0.0
1581,1438190020036,0.0
1582,1438190020054,0.0
1583,1438190020073,0.0
1584,1438190020093,0.0
1585,1438190020118,0.0
1586,1438190020139,0.0
1587,1438190020161,0.0
1588,1438190020176,0.0
1589,1438190020297,0.0
1590,1438190020298,0.0
1591,1438190020299,0.0
1592,1438190020300,0.0
1593,1438190020301,0.0
1594,1438190020302,0.0
1595,1438190020334,0.0
1596,1438190020335,0.0
1597,1438190020353,0.0
1598,1438190020378,0.0
1599,1438190020407,0.0
1600,1438190020415,0.0
1601,1438190020435,0.0
1602,1438190020454,0.0
1603,1438190020478,0.0
1604,1438190020497,0.0
1605,1438190020516,0.0
1606,1438190020537,0.0
1607,1438190020557,0.0
1608,1438190020577,0.0
1609,1438190020597,0.0
1610,1438190020617,0.0
1611,1438190020636,0.0
1612,1438190020657,0.0
1613,1438190020673,0.0
1614,1438190020697,0.0
1615,1438190020714,0.0
1616,1438190020733,0.0
1617,1438190020754,0.0
1618,1438190020779,0.0
1619,1438190020799,0.0
1620,1438190020820,0.0
1621,1438190020836,0.0
1622,1438190020854,0.0
1623,1438190020874,0.0
1624,1438190020894,0.0
1625,1438190020916,0.0
1626,1438190020934,0.0
1627,1438190021005,0.0
1628,1438190021006,0.0
1629,1438190021007,0.0
1630,1438190021014,0.0
1631,1438190021043,0.0
1632,1438190021057,0.0
1633,1438190021074,0.0
1634,1438190021095,0.0
1635,1438190021114,0.0
1636,1438190021139,0.0
1637,1438190021156,0.0
1638,1438190021177,0.0
1639,1438190021200,0.0
1640,1438190021218,0.0
1641,1438190021237,0.0
1642,1438190021256,0.0
1643,1438190021275,0.0
1644,1438190021297,0.0
1645,1438190021317,0.0
1646,1438190021337,0.0
1647,1438190021357,0.0
1648,1438190021378,0.0
1649,1438190021396,0.0
1650,1438190021417,0.0
1651,1438190021434,0.0
1652,1438190021456,0.0
1653,1438190021476,0.0
1654,1438190021500,0.0
1655,1438190021520,0.0
1656,1438190021539,0.0
1657,1438190021558,0.0
1658,1438190021577,0.0
1659,1438190021600,0.0
1660,1438190021657,0.0
1661,1438190021658,0.0
1662,1438190021659,0.0
1663,1438190021768,0.0
1664,1438190021769,0.0
1665,1438190021770,0.0
1666,1438190021771,0.0
1667,1438190021772,0.0
1668,1438190021781,0.0
1669,1438190021798,0.0
1670,1438190021816,0.0
1671,1438190021837,0.0
1672,1438190021855,0.0
1673,1438190021875,0.0
1674,1438190021898,0.0
1675,1438190021918,0.0
1676,1438190021935,0.0
1677,1438190021956,0.0
1678,1438190021978,0.0
1679,1438190021998,0.0
1680,1438190022018,0.0
1681,1438190022038,0.0
1682,1438190022058,0.0
1683,1438190022078,0.0
1684,1438190022098,0.0
1685,1438190022118,0.0
1686,1438190022139,0.0
1687,1438190022156,0.0
1688,1438190022177,0.0
1689,1438190022205,0.0
1690,1438190022219,0.0
1691,1438190022242,0.0
1692,1438190022257,0.0
1693,1438190022280,0.0
1694,1438190022298,0.0
1695,1438190022318,0.0
1696,1438190022339,0.0
1697,1438190022359,0.0
1698,1438190022378,0.0
1699,1438190022396,0.0
1700,1438190022416,0.0
1701,1438190022476,0.0
1702,1438190022477,0.0
1703,1438190022478,0.0
1704,1438190022497,0.0
1705,1438190022517,0.0
1706,1438190022537,0.0
1707,1438190022555,0.0
1708,1438190022580,0.0
1709,1438190022597,0.0
1710,1438190022616,0.0
1711,1438190022636,0.0
1712,1438190022660,0.0
1713,1438190022677,0.0
1714,1438190022695,0.0
1715,1438190022719,0.0
1716,1438190022739,0.0
1717,1438190022759,0.0
1718,1438190022778,0.0
1719,1438190022799,0.0
1720,1438190022819,0.0
1721,1438190022838,0.0
1722,1438190022859,0.0
1723,1438190022877,0.0
1724,1438190022898,0.0
1725,1438190022919,0.0
1726,1438190022938,0.0
1727,1438190022958,0.0
1728,1438190022978,0.0
1729,1438190022999,0.0
1730,1438190023019,0.0
1731,1438190023040,0.0
1732,1438190023059,0.0
1733,1438190023078,0.0
1734,1438190023098,0.0
1735,1438190023118,0.0
1736,1438190023136,0.0
1737,1438190023251,0.0
1738,1438190023252,0.0
1739,1438190023253,0.0
1740,1438190023254,0.0
1741,1438190023255,0.0
1742,1438190023280,0.0
1743,1438190023281,0.0
1744,1438190023304,0.0
1745,1438190023317,0.0
1746,1438190023346,0.0
1747,1438190023356,0.0
1748,1438190023377,0.0
1749,1438190023402,0.0
1750,1438190023417,0.0
1751,1438190023440,0.0
1752,1438190023460,0.0
1753,1438190023479,0.0
1754,1438190023496,0.0
1755,1438190023520,0.0
1756,1438190023540,0.0
1757,1438190023559,0.0
1758,1438190023580,0.0
1759,1438190023599,0.0
1760,1438190023619,0.0
1761,1438190023637,0.0
1762,1438190023662,0.0
1763,1438190023680,0.0
1764,1438190023700,0.0
1765,1438190023719,0.0
1766,1438190023740,0.0
1767,1438190023759,0.0
1768,1438190023780,0.0
1769,1438190023831,0.0
1770,1438190023832,0.0
1771,1438190023836,0.0
1772,1438190023859,0.0
1773,1438190023878,0.0
1774,1438190023897,0.0
1775,1438190023920,0.0
1776,1438190023968,0.0
1777,1438190023969,0.0
1778,1438190023986,0.0
1779,1438190023997,0.0
1780,1438190024022,0.0
1781,1438190024037,0.0
1782,1438190024057,0.0
1783,1438190024081,0.0
1784,1438190024098,0.0
1785,1438190024119,0.0
1786,1438190024153,0.0
1787,1438190024161,0.0
1788,1438190024180,0.0
1789,1438190024229,0.0
1790,1438190024280,0.0
1791,1438190024281,0.0
1792,1438190024282,0.0
1793,1438190024283,0.0
1794,1438190024301,0.0
1795,1438190024321,0.0
1796,1438190024343,0.0
1797,1438190024358,0.0
1798,1438190024380,0.0
1799,1438190024397,0.0
1800,1438190024418,0.0
1801,1438190024438,0.0
1802,1438190024462,0.0
1803,1438190024482,0.0
1804,1438190024503,0.0
1805,1438190024521,0.0
1806,1438190024539,0.0
1807,1438190024557,0.0
1808,1438190024578,0.0
1809,1438190024598,0.0
1810,1438190024621,0.0
1811,1438190024698,0.0
1812,1438190024699,0.0
1813,1438190024700,0.0
1814,1438190024701,0.0
1815,1438190024718,0.0
1816,1438190024740,0.0
1817,1438190024757,0.0
1818,1438190024778,0.0
1819,1438190024799,0.0
1820,1438190024820,0.0
1821,1438190024840,0.0
1822,1438190024858,0.0
1823,1438190024881,0.0
1824,1438190024899,0.0
1825,1438190024921,0.0
1826,1438190024942,0.0
1827,1438190024960,0.0
1828,1438190024981,0.0
1829,1438190025001,0.0
1830,1438190025021,0.0
1831,1438190025041,0.0
1832,1438190025060,0.0
1833,1438190025079,0.0
1834,1438190025101,0.0
1835,1438190025121,0.0
1836,1438190025141,0.0
1837,1438190025172,0.0
1838,1438190025185,0.0
1839,1438190025205,0.0
1840,1438190025220,0.0
1841,1438190025255,0.0
1842,1438190025258,0.0
1843,1438190025278,0.0
1844,1438190025298,0.0
1845,1438190025318,0.0
1846,1438190025338,0.0
1847,1438190025358,0.0
1848,1438190025392,0.0
1849,1438190025404,0.0
1850,1438190025418,0.0
1851,1438190025438,0.0
1852,1438190025458,0.0
1853,1438190025479,0.0
1854,1438190025499,0.0
1855,1438190025518,0.0
1856,1438190025538,0.0
1857,1438190025560,0.0
1858,1438190025578,0.0
1859,1438190025601,0.0
1860,1438190025623,0.0
1861,1438190025640,0.0
1862,1438190025661,0.0
1863,1438190025679,0.0
1864,1438190025702,0.0
1865,1438190025722,0.0
1866,1438190025742,0.0
1867,1438190025761,0.0
1868,1438190025778,0.0
1869,1438190025800,0.0
1870,1438190025822,0.0
1871,1438190025839,0.0
1872,1438190025860,0.0
1873,1438190025881,0.0
1874,1438190025900,0.0
1875,1438190025922,0.0
1876,1438190025942,0.0
1877,1438190025960,0.0
1878,1438190025983,0.0
1879,1438190026001,0.0
1880,1438190026020,0.0
1881,1438190026042,0.0
1882,1438190026062,0.0
1883,1438190026080,0.0
1884,1438190026100,0.0
1885,1438190026129,0.0
1886,1438190026252,0.0
1887,1438190026253,0.0
1888,1438190026254,0.0
1889,1438190026255,0.0
1890,1438190026256,0.0
1891,1438190026257,0.0
1892,1438190026259,0.0
1893,1438190026280,0.0
1894,1438190026299,0.0
1895,1438190026319,0.0
1896,1438190026340,0.0
1897,1438190026361,0.0
1898,1438190026380,0.0
1899,1438190026400,0.0
1900,1438190026422,0.0
1901,1438190026440,0.0
1902,1438190026460,0.0
1903,1438190026482,0.0
1904,1438190026499,0.0
1905,1438190026519,0.0
1906,1438190026539,0.0
1907,1438190026559,0.0
1908,1438190026579,0.0
1909,1438190026600,0.0
1910,1438190026621,0.0
1911,1438190026640,0.0
1912,1438190026662,0.0
1913,1438190026679,0.0
1914,1438190026701,0.0
1915,1438190026719,0.0
1916,1438190026740,0.0
1917,1438190026760,0.0
1918,1438190026780,0.0
1919,1438190026806,0.0
1920,1438190026819,0.0
1921,1438190026840,0.0
1922,1438190026861,0.0
1923,1438190026885,0.0
1924,1438190026946,0.0
1925,1438190026947,0.0
1926,1438190026948,0.0
1927,1438190026971,0.0
1928,1438190026980,0.0
1929,1438190027002,0.0
1930,1438190027020,0.0
1931,1438190027040,0.0
1932,1438190027062,0.0
1933,1438190027080,0.0
1934,1438190027101,0.0
1935,1438190027121,0.0
1936,1438190027145,0.0
1937,1438190027162,0.0
1938,1438190027180,0.0
1939,1438190027202,0.0
1940,1438190027220,0.0
1941,1438190027242,0.0
1942,1438190027261,0.0
1943,1438190027281,0.0
1944,1438190027306,0.0
1945,1438190027320,0.0
1946,1438190027342,0.0
1947,1438190027363,0.0
1948,1438190027381,0.0
1949,1438190027403,0.0
1950,1438190027422,0.0
1951,1438190027441,0.0
1952,1438190027462,0.0
1953,1438190027481,0.0
1954,1438190027502,0.0
1955,1438190027523,0.0
1956,1438190027542,0.0
1957,1438190027563,0.0
1958,1438190027582,0.0
1959,1438190027602,0.0
1960,1438190027685,0.0
1961,1438190027686,0.0
1962,1438190027687,0.0
1963,1438190027688,0.0
1964,1438190027702,0.0
1965,1438190027754,0.0
1966,1438190027755,0.0
1967,1438190027760,0.0
1968,1438190027781,0.0
1969,1438190027803,0.0
1970,1438190027821,0.0
1971,1438190027842,0.0
1972,1438190027864,0.0
1973,1438190027883,0.0
1974,1438190027904,0.0
1975,1438190027924,0.0
1976,1438190027944,0.0
1977,1438190027964,0.0
1978,1438190027984,0.0
1979,1438190028003,0.0
1980,1438190028024,0.0
1981,1438190028042,0.0
1982,1438190028065,0.0
1983,1438190028085,0.0
1984,1438190028103,0.0
1985,1438190028124,0.0
1986,1438190028141,0.0
1987,1438190028164,0.0
1988,1438190028184,0.0
1989,1438190028208,0.0
1990,1438190028224,0.0
1991,1438190028245,0.0
1992,1438190028264,0.0
1993,1438190028282,0.0
1994,1438190028313,0.0
1995,1438190028368,0.0
1996,1438190028369,0.0
1997,1438190028370,0.0
1998,1438190028390,0.0
1999,1438190028401,0.0
2000,1438190028423,0.0
2001,1438190028444,0.0
2002,1438190028461,0.0
2003,1438190028483,0.0
2004,1438190028501,0.0
2005,1438190028524,0.0
2006,1438190028549,0.0
2007,1438190028563,0.0
2008,1438190028582,0.0
2009,1438190028605,0.0
2010,1438190028624,0.0
2011,1438190028645,0.0
2012,1438190028663,0.0
2013,1438190028686,0.0
2014,1438190028705,0.0
2015,1438190028725,0.0
2016,1438190028745,0.0
2017,1438190028763,0.0
2018,1438190028783,0.0
2019,1438190028805,0.0
2020,1438190028827,0.0
2021,1438190028847,0.0
2022,1438190028867,0.0
2023,1438190028885,0.0
2024,1438190028903,0.0
2025,1438190028922,0.0
2026,1438190028941,0.0
2027,1438190028968,0.0
2028,1438190028988,0.0
2029,1438190029008,0.0
2030,1438190029023,0.0
2031,1438190029044,0.0
2032,1438190029115,0.0
2033,1438190029116,0.0
2034,1438190029117,0.0
2035,1438190029124,0.0
2036,1438190029146,0.0
2037,1438190029171,0.0
2038,1438190029186,0.0
2039,1438190029203,0.0
2040,1438190029226,0.0
2041,1438190029263,0.0
2042,1438190029264,0.0
2043,1438190029284,0.0
2044,1438190029304,0.0
2045,1438190029324,0.0
2046,1438190029345,0.0
2047,1438190029367,0.0
2048,1438190029385,0.0
2049,1438190029405,0.0
2050,1438190029425,0.0
2051,1438190029447,0.0
2052,1438190029466,0.0
2053,1438190029485,0.0
2054,1438190029505,0.0
2055,1438190029527,0.0
2056,1438190029542,0.0
2057,1438190029566,0.0
2058,1438190029585,0.0
2059,1438190029606,0.0
2060,1438190029626,0.0
2061,1438190029645,0.0
2062,1438190029666,0.0
2063,1438190029685,0.0
2064,1438190029705,0.0
2065,1438190029726,0.0
2066,1438190029746,0.0
2067,1438190029767,0.0
2068,1438190029784,0.0
2069,1438190029804,0.0
2070,1438190029874,0.0
2071,1438190029875,0.0
2072,1438190029876,0.0
2073,1438190029885,0.0
2074,1438190029904,0.0
2075,1438190029924,0.0
2076,1438190029942,0.0
2077,1438190029968,0.0
2078,1438190029982,0.0
2079,1438190030004,0.0
2080,1438190030023,0.0
2081,1438190030043,0.0
2082,1438190030063,0.0
2083,1438190030084,0.0
2084,1438190030106,0.0
2085,1438190030126,0.0
2086,1438190030149,0.0
2087,1438190030164,0.0
2088,1438190030187,0.0
2089,1438190030211,0.0
2090,1438190030226,0.0
2091,1438190030245,0.0
2092,1438190030265,0.0
2093,1438190030287,0.0
2094,1438190030306,0.0
2095,1438190030324,0.0
2096,1438190030346,0.0
2097,1438190030366,0.0
2098,1438190030386,0.0
2099,1438190030406,0.0
2100,1438190030426,0.0
2101,1438190030446,0.0
2102,1438190030466,0.0
2103,1438190030486,0.0
2104,1438190030505,0.0
2105,1438190030535,0.0
2106,1438190030614,0.0
2107,1438190030615,0.0
2108,1438190030640,0.0
2109,1438190030641,0.0
2110,1438190030642,0.0
2111,1438190030646,0.0
2112,1438190030668,0.0
2113,1438190030713,0.0
2114,1438190030714,0.0
2115,1438190030735,0.0
2116,1438190030743,0.0
2117,1438190030763,0.0
2118,1438190030783,0.0
2119,1438190030803,0.0
2120,1438190030826,0.0
2121,1438190030847,0.0
2122,1438190030867,0.0
2123,1438190030887,0.0
2124,1438190030903,0.0
2125,1438190030927,0.0
2126,1438190030947,0.0
2127,1438190030967,0.0
2128,1438190030986,0.0
2129,1438190031004,0.0
2130,1438190031027,0.0
2131,1438190031046,0.0
2132,1438190031065,0.0
2133,1438190031084,0.0
2134,1438190031106,0.0
2135,1438190031126,0.0
2136,1438190031151,0.0
2137,1438190031165,0.0
2138,1438190031187,0.0
2139,1438190031226,0.0
2140,1438190031227,0.0
2141,1438190031246,0.0
2142,1438190031268,0.0
2143,1438190031345,0.0
2144,1438190031346,0.0
2145,1438190031347,0.0
2146,1438190031348,0.0
2147,1438190031365,0.0
2148,1438190031387,0.0
2149,1438190031405,0.0
2150,1438190031429,0.0
2151,1438190031444,0.0
2152,1438190031466,0.0
2153,1438190031491,0.0
2154,1438190031506,0.0
2155,1438190031528,0.0
2156,1438190031547,0.0
2157,1438190031567,0.0
2158,1438190031592,0.0
2159,1438190031604,0.0
2160,1438190031624,0.0
2161,1438190031644,0.0
2162,1438190031664,0.0
2163,1438190031687,0.0
2164,1438190031706,0.0
2165,1438190031725,0.0
2166,1438190031748,0.0
2167,1438190031768,0.0
2168,1438190031787,0.0
2169,1438190031811,0.0
2170,1438190031825,0.0
2171,1438190031845,0.0
2172,1438190031865,0.0
2173,1438190031886,0.0
2174,1438190031910,0.0
2175,1438190031927,0.0
2176,1438190031951,0.0
2177,1438190031967,0.0
2178,1438190031990,0.0
2179,1438190032038,0.0
2180,1438190032039,0.0
2181,1438190032046,0.0
2182,1438190032065,0.0
2183,1438190032092,0.0
2184,1438190032107,0.0
2185,1438190032125,0.0
2186,1438190032147,0.0
2187,1438190032165,0.0
2188,1438190032187,0.0
2189,1438190032208,0.0
2190,1438190032232,0.0
2191,1438190032250,0.0
2192,1438190032268,0.0
2193,1438190032288,0.0
2194,1438190032308,0.0
2195,1438190032328,0.0
2196,1438190032348,0.0
2197,1438190032368,0.0
2198,1438190032388,0.0
2199,1438190032408,0.0
2200,1438190032428,0.0
2201,1438190032447,0.0
2202,1438190032466,0.0
2203,1438190032487,0.0
2204,1438190032506,0.0
2205,1438190032526,0.0
2206,1438190032546,0.0
2207,1438190032572,0.0
2208,1438190032588,0.0
2209,1438190032608,0.0
2210,1438190032628,0.0
2211,1438190032647,0.0
2212,1438190032668,0.0
2213,1438190032690,0.0
2214,1438190032707,0.0
2215,1438190032725,0.0
2216,1438190032796,0.0
2217,1438190032797,0.0
2218,1438190032798,0.0
2219,1438190032807,0.0
2220,1438190032834,0.0
2221,1438190032850,0.0
2222,1438190032866,0.0
2223,1438190032886,0.0
2224,1438190032906,0.0
2225,1438190032926,0.0
2226,1438190032954,0.0
2227,1438190032966,0.0
2228,1438190032989,0.0
2229,1438190033009,0.0
2230,1438190033029,0.0
2231,1438190033049,0.0
2232,1438190033070,0.0
2233,1438190033089,0.0
2234,1438190033109,0.0
2235,1438190033129,0.0
2236,1438190033148,0.0
2237,1438190033168,0.0
2238,1438190033201,0.0
2239,1438190033208,0.0
2240,1438190033227,0.0
2241,1438190033248,0.0
2242,1438190033271,0.0
2243,1438190033289,0.0
2244,1438190033306,0.0
2245,1438190033326,0.0
2246,1438190033348,0.0
2247,1438190033371,0.0
2248,1438190033392,0.0
2249,1438190033412,0.0
2250,1438190033429,0.0
2251,1438190033453,0.0
2252,1438190033510,0.0
2253,1438190033511,0.0
2254,1438190033512,0.0
2255,1438190033530,0.0
2256,1438190033548,0.0
2257,1438190033569,0.0
2258,1438190033587,0.0
2259,1438190033607,0.0
2260,1438190033628,0.0
2261,1438190033647,0.0
2262,1438190033668,0.0
2263,1438190033686,0.0
2264,1438190033709,0.0
2265,1438190033727,0.0
2266,1438190033749,0.0
2267,1438190033770,0.0
2268,1438190033790,0.0
2269,1438190033838,0.0
2270,1438190033839,0.0
2271,1438190033848,0.0
2272,1438190033871,0.0
2273,1438190033890,0.0
2274,1438190033911,0.0
2275,1438190033928,0.0
2276,1438190033950,0.0
2277,1438190033970,0.0
2278,1438190033990,0.0
2279,1438190034010,0.0
2280,1438190034030,0.0
2281,1438190034050,0.0
2282,1438190034069,0.0
2283,1438190034089,0.0
2284,1438190034110,0.0
2285,1438190034130,0.0
2286,1438190034152,0.0
2287,1438190034171,0.0
2288,1438190034279,0.0
2289,1438190034280,0.0
2290,1438190034281,0.0
2291,1438190034282,0.0
2292,1438190034283,0.0
2293,1438190034300,0.0
2294,1438190034327,0.0
2295,1438190034328,0.0
2296,1438190034347,0.0
2297,1438190034372,0.0
2298,1438190034389,0.0
2299,1438190034408,0.0
2300,1438190034428,0.0
2301,1438190034448,0.0
2302,1438190034470,0.0
2303,1438190034490,0.0
2304,1438190034509,0.0
2305,1438190034530,0.0
2306,1438190034550,0.0
2307,1438190034570,0.0
2308,1438190034590,0.0
2309,1438190034608,0.0
2310,1438190034630,0.0
2311,1438190034650,0.0
2312,1438190034671,0.0
2313,1438190034688,0.0
2314,1438190034707,0.0
2315,1438190034728,0.0
2316,1438190034747,0.0
2317,1438190034768,0.0
2318,1438190034792,0.0
2319,1438190034813,0.0
2320,1438190034845,0.0
2321,1438190034848,0.0
2322,1438190034867,0.0
2323,1438190034887,0.0
2324,1438190034917,0.0
2325,1438190034929,0.0
2326,1438190034955,0.0
2327,1438190034992,0.0
2328,1438190034993,0.0
2329,1438190035025,0.0
2330,1438190035028,0.0
2331,1438190035048,0.0
2332,1438190035068,0.0
2333,1438190035088,0.0
2334,1438190035119,0.0
2335,1438190035128,0.0
2336,1438190035148,0.0
2337,1438190035168,0.0
2338,1438190035188,0.0
2339,1438190035208,0.0
2340,1438190035229,0.0
2341,1438190035249,0.0
2342,1438190035269,0.0
2343,1438190035288,0.0
2344,1438190035308,0.0
2345,1438190035328,0.0
2346,1438190035348,0.0
2347,1438190035368,0.0
2348,1438190035389,0.0
2349,1438190035409,0.0
2350,1438190035430,0.0
2351,1438190035449,0.0
2352,1438190035470,0.0
2353,1438190035490,0.0
2354,1438190035511,0.0
2355,1438190035529,0.0
2356,1438190035549,0.0
2357,1438190035570,0.0
2358,1438190035590,0.0
2359,1438190035609,0.0
2360,1438190035628,0.0
2361,1438190035647,0.0
2362,1438190035669,0.0
2363,1438190035689,0.0
2364,1438190035717,0.0
2365,1438190035729,0.0
2366,1438190035748,0.0
2367,1438190035768,0.0
2368,1438190035788,0.0
2369,1438190035809,0.0
2370,1438190035828,0.0
2371,1438190035849,0.0
2372,1438190035870,0.0
2373,1438190035891,0.0
2374,1438190035911,0.0
2375,1438190035930,0.0
2376,1438190035949,0.0
2377,1438190035969,0.0
2378,1438190035990,0.0
2379,1438190036012,0.0
2380,1438190036032,0.0
2381,1438190036050,0.0
2382,1438190036070,0.0
2383,1438190036092,0.0
2384,1438190036112,0.0
2385,1438190036132,0.0
2386,1438190036149,0.0
2387,1438190036172,0.0
2388,1438190036197,0.0
2389,1438190036213,0.0
2390,1438190036229,0.0
2391,1438190036249,0.0
2392,1438190036270,0.0
2393,1438190036291,0.0
2394,1438190036316,0.0
2395,1438190036399,0.0
2396,1438190036400,0.0
2397,1438190036401,0.0
2398,1438190036402,0.0
2399,1438190036416,0.0
2400,1438190036429,0.0
2401,1438190036450,0.0
2402,1438190036469,0.0
2403,1438190036490,0.0
2404,1438190036509,0.0
2405,1438190036529,0.0
2406,1438190036552,0.0
2407,1438190036574,0.0
2408,1438190036596,0.0
2409,1438190036636,0.0
2410,1438190036637,0.0
2411,1438190036655,0.0
2412,1438190036670,0.0
2413,1438190036690,0.0
2414,1438190036710,0.0
2415,1438190036730,0.0
2416,1438190036752,0.0
2417,1438190036772,0.0
2418,1438190036790,0.0
2419,1438190036812,0.0
2420,1438190036829,0.0
2421,1438190036849,0.0
2422,1438190036870,0.0
2423,1438190036889,0.0
2424,1438190036910,0.0
2425,1438190036933,0.0
2426,1438190036950,0.0
2427,1438190036971,0.0
2428,1438190036991,0.0
2429,1438190037011,0.0
2430,1438190037031,0.0
2431,1438190037053,0.0
2432,1438190037110,0.0
2433,1438190037111,0.0
2434,1438190037112,0.0
2435,1438190037133,0.0
2436,1438190037152,0.0
2437,1438190037170,0.0
2438,1438190037190,0.0
2439,1438190037210,0.0
2440,1438190037248,0.0
2441,1438190037250,0.0
2442,1438190037271,0.0
2443,1438190037291,0.0
2444,1438190037311,0.0
2445,1438190037332,0.0
2446,1438190037351,0.0
2447,1438190037370,0.0
2448,1438190037390,0.0
2449,1438190037411,0.0
2450,1438190037432,0.0
2451,1438190037450,0.0
2452,1438190037471,0.0
2453,1438190037492,0.0
2454,1438190037510,0.0
2455,1438190037531,0.0
2456,1438190037552,0.0
2457,1438190037570,0.0
2458,1438190037590,0.0
2459,1438190037611,0.0
2460,1438190037631,0.0
2461,1438190037650,0.0
2462,1438190037671,0.0
2463,1438190037692,0.0
2464,1438190037711,0.0
2465,1438190037730,0.0
2466,1438190037751,0.0
2467,1438190037771,0.0
2468,1438190037797,0.0
2469,1438190037870,0.0
2470,1438190037871,0.0
2471,1438190037872,0.0
2472,1438190037873,0.0
2473,1438190037892,0.0
2474,1438190037916,0.0
2475,1438190037930,0.0
2476,1438190037950,0.0
2477,1438190037971,0.0
2478,1438190037991,0.0
2479,1438190038017,0.0
2480,1438190038031,0.0
2481,1438190038051,0.0
2482,1438190038072,0.0
2483,1438190038093,0.0
2484,1438190038112,0.0
2485,1438190038133,0.0
2486,1438190038153,0.0
2487,1438190038171,0.0
2488,1438190038197,0.0
2489,1438190038212,0.0
2490,1438190038233,0.0
2491,1438190038255,0.0
2492,1438190038272,0.0
2493,1438190038293,0.0
2494,1438190038313,0.0
2495,1438190038333,0.0
2496,1438190038353,0.0
2497,1438190038373,0.0
2498,1438190038393,0.0
2499,1438190038412,0.0
2500,1438190038434,0.0
2501,1438190038454,0.0
2502,1438190038474,0.0
2503,1438190038493,0.0
2504,1438190038513,0.0
2505,1438190038586,0.0
2506,1438190038587,0.0
2507,1438190038588,0.0
2508,1438190038595,0.0
2509,1438190038615,0.0
2510,1438190038635,0.0
2511,1438190038651,0.0
2512,1438190038671,0.0
2513,1438190038693,0.0
2514,1438190038713,0.0
2515,1438190038738,0.0
2516,1438190038751,0.0
2517,1438190038780,0.0
2518,1438190038793,0.0
2519,1438190038812,0.0
2520,1438190038831,0.0
2521,1438190038851,0.0
2522,1438190038871,0.0
2523,1438190038891,0.0
2524,1438190038911,0.0
2525,1438190038931,0.0
2526,1438190038951,0.0
2527,1438190038971,0.0
2528,1438190038991,0.0
2529,1438190039011,0.0
2530,1438190039031,0.0
2531,1438190039051,0.0
2532,1438190039070,0.0
2533,1438190039090,0.0
2534,1438190039111,0.0
2535,1438190039131,0.0
2536,1438190039151,0.0
2537,1438190039171,0.0
2538,1438190039191,0.0
2539,1438190039216,0.0
2540,1438190039231,0.0
2541,1438190039251,0.0
2542,1438190039271,0.0
2543,1438190039291,0.0
2544,1438190039311,0.0
2545,1438190039331,0.0
2546,1438190039351,0.0
2547,1438190039370,0.0
2548,1438190039390,0.0
2549,1438190039410,0.0
2550,1438190039431,0.0
2551,1438190039458,0.0
2552,1438190039475,0.0
2553,1438190039495,0.0
2554,1438190039515,0.0
2555,1438190039532,0.0
2556,1438190039555,0.0
2557,1438190039574,0.0
2558,1438190039595,0.0
2559,1438190039615,0.0
2560,1438190039636,0.0
2561,1438190039656,0.0
2562,1438190039675,0.0
2563,1438190039695,0.0
2564,1438190039713,0.0
2565,1438190039733,0.0
2566,1438190039754,0.0
2567,1438190039775,0.0
2568,1438190039796,0.0
2569,1438190039816,0.0
2570,1438190039835,0.0
2571,1438190039851,0.0
2572,1438190039881,0.0
2573,1438190039898,0.0
2574,1438190039915,0.0
2575,1438190039931,0.0
2576,1438190039955,0.0
2577,1438190039973,0.0
2578,1438190039993,0.0
2579,1438190040012,0.0
2580,1438190040035,0.0
2581,1438190040056,0.0
2582,1438190040074,0.0
2583,1438190040092,0.0
2584,1438190040116,0.0
2585,1438190040136,0.0
2586,1438190040155,0.0
2587,1438190040172,0.0
2588,1438190040202,0.0
2589,1438190040212,0.0
2590,1438190040245,0.0
2591,1438190040254,0.0
2592,1438190040276,0.0
2593,1438190040296,0.0
2594,1438190040314,0.0
2595,1438190040335,0.0
2596,1438190040356,0.0
2597,1438190040380,0.0
2598,1438190040397,0.0
2599,1438190040415,0.0
2600,1438190040435,0.0
2601,1438190040454,0.0
2602,1438190040474,0.0
2603,1438190040496,0.0
2604,1438190040513,0.0
2605,1438190040586,0.0
2606,1438190040587,0.0
2607,1438190040588,0.0
2608,1438190040596,0.0
2609,1438190040616,0.0
2610,1438190040637,0.0
2611,1438190040653,0.0
2612,1438190040673,0.0
2613,1438190040695,0.0
2614,1438190040715,0.0
2615,1438190040734,0.0
2616,1438190040755,0.0
2617,1438190040778,0.0
2618,1438190040796,0.0
2619,1438190040816,0.0
2620,1438190040836,0.0
2621,1438190040856,0.0
2622,1438190040876,0.0
2623,1438190040896,0.0
2624,1438190040916,0.0
2625,1438190040936,0.0
2626,1438190040956,0.0
2627,1438190040975,0.0
2628,1438190040997,0.0
2629,1438190041017,0.0
2630,1438190041036,0.0
2631,1438190041056,0.0
2632,1438190041074,0.0
2633,1438190041097,0.0
2634,1438190041118,0.0
2635,1438190041137,0.0
2636,1438190041155,0.0
2637,1438190041173,0.0
2638,1438190041201,0.0
2639,1438190041219,0.0
2640,1438190041318,0.0
2641,1438190041319,0.0
2642,1438190041320,0.0
2643,1438190041321,0.0
2644,1438190041322,0.0
2645,1438190041334,0.0
2646,1438190041363,0.0
2647,1438190041376,0.0
2648,1438190041394,0.0
2649,1438190041415,0.0
2650,1438190041434,0.0
2651,1438190041461,0.0
2652,1438190041474,0.0
2653,1438190041495,0.0
2654,1438190041515,0.0
2655,1438190041537,0.0
2656,1438190041557,0.0
2657,1438190041577,0.0
2658,1438190041597,0.0
2659,1438190041617,0.0
2660,1438190041637,0.0
2661,1438190041657,0.0
2662,1438190041681,0.0
2663,1438190041694,0.0
2664,1438190041720,0.0
2665,1438190041734,0.0
2666,1438190041754,0.0
2667,1438190041776,0.0
2668,1438190041797,0.0
2669,1438190041817,0.0
2670,1438190041836,0.0
2671,1438190041856,0.0
2672,1438190041876,0.0
2673,1438190041897,0.0
2674,1438190041917,0.0
2675,1438190041937,0.0
2676,1438190041956,0.0
2677,1438190042035,0.0
2678,1438190042036,0.0
2679,1438190042037,0.0
2680,1438190042038,0.0
2681,1438190042056,0.0
2682,1438190042075,0.0
2683,1438190042095,0.0
2684,1438190042117,0.0
2685,1438190042135,0.0
2686,1438190042203,0.0
2687,1438190042204,0.0
2688,1438190042205,0.0
2689,1438190042241,0.0
2690,1438190042242,0.0
2691,1438190042254,0.0
2692,1438190042275,0.0
2693,1438190042295,0.0
2694,1438190042316,0.0
2695,1438190042338,0.0
2696,1438190042358,0.0
2697,1438190042378,0.0
2698,1438190042396,0.0
2699,1438190042418,0.0
2700,1438190042438,0.0
2701,1438190042455,0.0
2702,1438190042478,0.0
2703,1438190042496,0.0
2704,1438190042515,0.0
2705,1438190042535,0.0
2706,1438190042558,0.0
2707,1438190042578,0.0
2708,1438190042598,0.0
2709,1438190042618,0.0
2710,1438190042636,0.0
2711,1438190042656,0.0
2712,1438190042677,0.0
2713,1438190042698,0.0
2714,1438190042722,0.0
2715,1438190042781,0.0
2716,1438190042782,0.0
2717,1438190042783,0.0
2718,1438190042803,0.0
2719,1438190042816,0.0
2720,1438190042839,0.0
2721,1438190042856,0.0
2722,1438190042876,0.0
2723,1438190042897,0.0
2724,1438190042916,0.0
2725,1438190042936,0.0
2726,1438190042956,0.0
2727,1438190042979,0.0
2728,1438190042995,0.0
2729,1438190043017,0.0
2730,1438190043039,0.0
2731,1438190043058,0.0
2732,1438190043079,0.0
2733,1438190043098,0.0
2734,1438190043116,0.0
2735,1438190043140,0.0
2736,1438190043157,0.0
2737,1438190043185,0.0
2738,1438190043203,0.0
2739,1438190043219,0.0
2740,1438190043237,0.0
2741,1438190043258,0.0
2742,1438190043279,0.0
2743,1438190043297,0.0
2744,1438190043319,0.0
2745,1438190043338,0.0
2746,1438190043359,0.0
2747,1438190043379,0.0
2748,1438190043397,0.0
2749,1438190043417,0.0
2750,1438190043444,0.0
2751,1438190043517,0.0
2752,1438190043518,0.0
2753,1438190043519,0.0
2754,1438190043520,0.0
2755,1438190043539,0.0
2756,1438190043564,0.0
2757,1438190043578,0.0
2758,1438190043597,0.0
2759,1438190043618,0.0
2760,1438190043637,0.0
2761,1438190043658,0.0
2762,1438190043677,0.0
2763,1438190043699,0.0
2764,1438190043719,0.0
2765,1438190043739,0.0
2766,1438190043757,0.0
2767,1438190043779,0.0
2768,1438190043799,0.0
2769,1438190043847,0.0
2770,1438190043848,0.0
2771,1438190043858,0.0
2772,1438190043879,0.0
2773,1438190043898,0.0
2774,1438190043919,0.0
2775,1438190043938,0.0
2776,1438190043960,0.0
2777,1438190043979,0.0
2778,1438190043998,0.0
2779,1438190044019,0.0
2780,1438190044039,0.0
2781,1438190044060,0.0
2782,1438190044079,0.0
2783,1438190044100,0.0
2784,1438190044118,0.0
2785,1438190044140,0.0
2786,1438190044249,0.0
2787,1438190044250,0.0
2788,1438190044251,0.0
2789,1438190044252,0.0
2790,1438190044253,0.0
2791,1438190044283,0.0
2792,1438190044284,0.0
2793,1438190044297,0.0
2794,1438190044318,0.0
2795,1438190044338,0.0
2796,1438190044359,0.0
2797,1438190044377,0.0
2798,1438190044402,0.0
2799,1438190044421,0.0
2800,1438190044438,0.0
2801,1438190044459,0.0
2802,1438190044480,0.0
2803,1438190044500,0.0
2804,1438190044520,0.0
2805,1438190044540,0.0
2806,1438190044558,0.0
2807,1438190044580,0.0
2808,1438190044600,0.0
2809,1438190044620,0.0
2810,1438190044640,0.0
2811,1438190044658,0.0
2812,1438190044680,0.0
2813,1438190044700,0.0
2814,1438190044720,0.0
2815,1438190044740,0.0
2816,1438190044757,0.0
2817,1438190044778,0.0
2818,1438190044799,0.0
2819,1438190044819,0.0
2820,1438190044840,0.0
2821,1438190044859,0.0
2822,1438190044880,0.0
2823,1438190044898,0.0
2824,1438190044925,0.0
2825,1438190044982,0.0
2826,1438190044983,0.0
2827,1438190044984,0.0
2828,1438190045002,0.0
2829,1438190045018,0.0
2830,1438190045038,0.0
2831,1438190045057,0.0
2832,1438190045079,0.0
2833,1438190045100,0.0
2834,1438190045118,0.0
2835,1438190045139,0.0
2836,1438190045172,0.0
2837,1438190045180,0.0
2838,1438190045203,0.0
2839,1438190045219,0.0
2840,1438190045237,0.0
2841,1438190045260,0.0
2842,1438190045280,0.0
2843,1438190045301,0.0
2844,1438190045321,0.0
2845,1438190045341,0.0
2846,1438190045361,0.0
2847,1438190045379,0.0
2848,1438190045399,0.0
2849,1438190045418,0.0
2850,1438190045440,0.0
2851,1438190045459,0.0
2852,1438190045479,0.0
2853,1438190045499,0.0
2854,1438190045521,0.0
2855,1438190045541,0.0
2856,1438190045561,0.0
2857,1438190045578,0.0
2858,1438190045599,0.0
2859,1438190045618,0.0
2860,1438190045641,0.0
2861,1438190045668,0.0
2862,1438190045724,0.0
2863,1438190045725,0.0
2864,1438190045726,0.0
2865,1438190045747,0.0
2866,1438190045761,0.0
2867,1438190045785,0.0
2868,1438190045798,0.0
2869,1438190045818,0.0
2870,1438190045840,0.0
2871,1438190045860,0.0
2872,1438190045879,0.0
2873,1438190045899,0.0
2874,1438190045921,0.0
2875,1438190045939,0.0
2876,1438190045961,0.0
2877,1438190045981,0.0
2878,1438190045998,0.0
2879,1438190046020,0.0
2880,1438190046041,0.0
2881,1438190046061,0.0
2882,1438190046080,0.0
2883,1438190046101,0.0
2884,1438190046120,0.0
2885,1438190046140,0.0
2886,1438190046161,0.0
2887,1438190046180,0.0
2888,1438190046204,0.0
2889,1438190046220,0.0
2890,1438190046244,0.0
2891,1438190046262,0.0
2892,1438190046282,0.0
2893,1438190046303,0.0
2894,1438190046318,0.0
2895,1438190046339,0.0
2896,1438190046360,0.0
2897,1438190046380,0.0
2898,1438190046452,0.0
2899,1438190046453,0.0
2900,1438190046466,0.0
2901,1438190046467,0.0
2902,1438190046479,0.0
2903,1438190046502,0.0
2904,1438190046519,0.0
2905,1438190046538,0.0
2906,1438190046559,0.0
2907,1438190046579,0.0
2908,1438190046601,0.0
2909,1438190046623,0.0
2910,1438190046640,0.0
2911,1438190046659,0.0
2912,1438190046679,0.0
2913,1438190046699,0.0
2914,1438190046720,0.0
2915,1438190046740,0.0
2916,1438190046760,0.0
2917,1438190046780,0.0
2918,1438190046800,0.0
2919,1438190046823,0.0
2920,1438190046840,0.0
2921,1438190046860,0.0
2922,1438190046882,0.0
2923,1438190046902,0.0
2924,1438190046924,0.0
2925,1438190046940,0.0
2926,1438190046962,0.0
2927,1438190046982,0.0
2928,1438190047002,0.0
2929,1438190047022,0.0
2930,1438190047039,0.0
2931,1438190047060,0.0
2932,1438190047080,0.0
2933,1438190047101,0.0
2934,1438190047130,0.0
2935,1438190047241,0.0
2936,1438190047242,0.0
2937,1438190047243,0.0
2938,1438190047244,0.0
2939,1438190047245,0.0
2940,1438190047246,0.0
2941,1438190047262,0.0
2942,1438190047284,0.0
2943,1438190047299,0.0
2944,1438190047319,0.0
2945,1438190047343,0.0
2946,1438190047360,0.0
2947,1438190047386,0.0
2948,1438190047401,0.0
2949,1438190047423,0.0
2950,1438190047440,0.0
2951,1438190047462,0.0
2952,1438190047480,0.0
2953,1438190047500,0.0
2954,1438190047523,0.0
2955,1438190047543,0.0
2956,1438190047560,0.0
2957,1438190047583,0.0
2958,1438190047603,0.0
2959,1438190047625,0.0
2960,1438190047643,0.0
2961,1438190047660,0.0
2962,1438190047681,0.0
2963,1438190047706,0.0
2964,1438190047721,0.0
2965,1438190047740,0.0
2966,1438190047760,0.0
2967,1438190047780,0.0
2968,1438190047800,0.0
2969,1438190047820,0.0
2970,1438190047840,0.0
2971,1438190047860,0.0
2972,1438190047880,0.0
2973,1438190047900,0.0
2974,1438190047931,0.0
2975,1438190047940,0.0
2976,1438190047961,0.0
2977,1438190047980,0.0
2978,1438190048000,0.0
2979,1438190048022,0.0
2980,1438190048040,0.0
2981,1438190048061,0.0
2982,1438190048086,0.0
2983,1438190048101,0.0
2984,1438190048123,0.0
2985,1438190048141,0.0
2986,1438190048163,0.0
2987,1438190048181,0.0
2988,1438190048202,0.0
2989,1438190048220,0.0
2990,1438190048243,0.0
2991,1438190048262,0.0
2992,1438190048281,0.0
2993,1438190048302,0.0
2994,1438190048323,0.0
2995,1438190048342,0.0
2996,1438190048364,0.0
2997,1438190048383,0.0
2998,1438190048404,0.0
2999,1438190048424,0.0
3000,1438190048443,0.0
3001,1438190048464,0.0
3002,1438190048484,0.0
3003,1438190048503,0.0
3004,1438190048525,0.0
3005,1438190048544,0.0
3006,1438190048562,0.0
3007,1438190048591,0.0
3008,1438190048661,0.0
3009,1438190048662,0.0
3010,1438190048663,0.0
3011,1438190048664,0.0
3012,1438190048681,0.0
3013,1438190048702,0.0
3014,1438190048721,0.0
3015,1438190048741,0.0
3016,1438190048762,0.0
3017,1438190048781,0.0
3018,1438190048805,0.0
3019,1438190048824,0.0
3020,1438190048842,0.0
3021,1438190048865,0.0
3022,1438190048884,0.0
3023,1438190048903,0.0
3024,1438190048924,0.0
3025,1438190048945,0.0
3026,1438190048963,0.0
3027,1438190048984,0.0
3028,1438190049003,0.0
3029,1438190049024,0.0
3030,1438190049045,0.0
3031,1438190049061,0.0
3032,1438190049085,0.0
3033,1438190049103,0.0
3034,1438190049123,0.0
3035,1438190049145,0.0
3036,1438190049163,0.0
3037,1438190049187,0.0
3038,1438190049203,0.0
3039,1438190049225,0.0
3040,1438190049256,0.0
3041,1438190049269,0.0
3042,1438190049297,0.0
3043,1438190049394,0.0
3044,1438190049395,0.0
3045,1438190049405,0.0
3046,1438190049406,0.0
3047,1438190049407,0.0
3048,1438190049408,0.0
3049,1438190049457,0.0
3050,1438190049463,0.0
3051,1438190049464,0.0
3052,1438190049629,0.0
3053,1438190049630,0.0
3054,1438190049631,0.0
3055,1438190049632,0.0
3056,1438190049633,0.0
3057,1438190049634,0.0
3058,1438190049635,0.0
3059,1438190049636,0.0
3060,1438190049641,0.0
3061,1438190049661,0.0
3062,1438190049768,0.0
3063,1438190049769,0.0
3064,1438190049770,0.0
3065,1438190049771,0.0
3066,1438190049772,0.0
3067,1438190049781,0.0
3068,1438190049801,0.0
3069,1438190049821,0.0
3070,1438190049841,0.0
3071,1438190049861,0.0
3072,1438190049881,0.0
3073,1438190049901,0.0
3074,1438190049921,0.0
3075,1438190049941,0.0
3076,1438190049961,0.0
3077,1438190049981,0.0
3078,1438190050002,0.0
3079,1438190050025,0.0
3080,1438190050043,0.0
3081,1438190050066,0.0
3082,1438190050082,0.0
3083,1438190050125,0.0
3084,1438190050126,0.0
3085,1438190050143,0.0
3086,1438190050165,0.0
3087,1438190050185,0.0
3088,1438190050206,0.0
3089,1438190050222,0.0
3090,1438190050246,0.0
3091,1438190050266,0.0
3092,1438190050283,0.0
3093,1438190050305,0.0
3094,1438190050328,0.0
3095,1438190050346,0.0
3096,1438190050366,0.0
3097,1438190050386,0.0
3098,1438190050405,0.0
3099,1438190050426,0.0
3100,1438190050445,0.0
3101,1438190050465,0.0
3102,1438190050486,0.0
3103,1438190050503,0.0
3104,1438190050526,0.0
3105,1438190050546,0.0
3106,1438190050566,0.0
3107,1438190050586,0.0
3108,1438190050603,0.0
3109,1438190050626,0.0
3110,1438190050646,0.0
3111,1438190050666,0.0
3112,1438190050686,0.0
3113,1438190050704,0.0
3114,1438190050723,0.0
3115,1438190050746,0.0
3116,1438190050764,0.0
3117,1438190050786,0.0
3118,1438190050858,0.0
3119,1438190050859,0.0
3120,1438190050863,0.0
3121,1438190050864,0.0
3122,1438190050885,0.0
3123,1438190050904,0.0
3124,1438190050923,0.0
3125,1438190050945,0.0
3126,1438190050963,0.0
3127,1438190050987,0.0
3128,1438190051006,0.0
3129,1438190051024,0.0
3130,1438190051043,0.0
3131,1438190051065,0.0
3132,1438190051086,0.0
3133,1438190051106,0.0
3134,1438190051126,0.0
3135,1438190051146,0.0
3136,1438190051166,0.0
3137,1438190051187,0.0
3138,1438190051207,0.0
3139,1438190051227,0.0
3140,1438190051243,0.0
3141,1438190051268,0.0
3142,1438190051285,0.0
3143,1438190051307,0.0
3144,1438190051327,0.0
3145,1438190051347,0.0
3146,1438190051365,0.0
3147,1438190051387,0.0
3148,1438190051410,0.0
3149,1438190051428,0.0
3150,1438190051452,0.0
3151,1438190051467,0.0
3152,1438190051484,0.0
3153,1438190051504,0.0
3154,1438190051578,0.0
3155,1438190051579,0.0
3156,1438190051580,0.0
3157,1438190051586,0.0
3158,1438190051604,0.0
3159,1438190051625,0.0
3160,1438190051644,0.0
3161,1438190051669,0.0
3162,1438190051686,0.0
3163,1438190051705,0.0
3164,1438190051726,0.0
3165,1438190051762,0.0
3166,1438190051795,0.0
3167,1438190051796,0.0
3168,1438190051804,0.0
3169,1438190051824,0.0
3170,1438190051846,0.0
3171,1438190051867,0.0
3172,1438190051887,0.0
3173,1438190051907,0.0
3174,1438190051927,0.0
3175,1438190051948,0.0
3176,1438190051967,0.0
3177,1438190051987,0.0
3178,1438190052006,0.0
3179,1438190052027,0.0
3180,1438190052047,0.0
3181,1438190052066,0.0
3182,1438190052087,0.0
3183,1438190052107,0.0
3184,1438190052129,0.0
3185,1438190052154,0.0
3186,1438190052171,0.0
3187,1438190052186,0.0
3188,1438190052205,0.0
3189,1438190052226,0.0
3190,1438190052246,0.0
3191,1438190052274,0.0
3192,1438190052346,0.0
3193,1438190052347,0.0
3194,1438190052348,0.0
3195,1438190052349,0.0
3196,1438190052365,0.0
3197,1438190052385,0.0
3198,1438190052404,0.0
3199,1438190052426,0.0
3200,1438190052445,0.0
3201,1438190052466,0.0
3202,1438190052485,0.0
3203,1438190052507,0.0
3204,1438190052528,0.0
3205,1438190052548,0.0
3206,1438190052567,0.0
3207,1438190052588,0.0
3208,1438190052608,0.0
3209,1438190052628,0.0
3210,1438190052648,0.0
3211,1438190052667,0.0
3212,1438190052688,0.0
3213,1438190052708,0.0
3214,1438190052726,0.0
3215,1438190052748,0.0
3216,1438190052767,0.0
3217,1438190052788,0.0
3218,1438190052807,0.0
3219,1438190052827,0.0
3220,1438190052848,0.0
3221,1438190052869,0.0
3222,1438190052888,0.0
3223,1438190052908,0.0
3224,1438190052926,0.0
3225,1438190052945,0.0
3226,1438190052965,0.0
3227,1438190052985,0.0
3228,1438190053005,0.0
3229,1438190053036,0.0
3230,1438190053047,0.0
3231,1438190053065,0.0
3232,1438190053085,0.0
3233,1438190053105,0.0
3234,1438190053126,0.0
3235,1438190053145,0.0
3236,1438190053165,0.0
3237,1438190053190,0.0
3238,1438190053217,0.0
3239,1438190053228,0.0
3240,1438190053250,0.0
3241,1438190053266,0.0
3242,1438190053289,0.0
3243,1438190053308,0.0
3244,1438190053328,0.0
3245,1438190053348,0.0
3246,1438190053369,0.0
3247,1438190053387,0.0
3248,1438190053409,0.0
3249,1438190053429,0.0
3250,1438190053449,0.0
3251,1438190053468,0.0
3252,1438190053486,0.0
3253,1438190053509,0.0
3254,1438190053527,0.0
3255,1438190053546,0.0
3256,1438190053567,0.0
3257,1438190053586,0.0
3258,1438190053611,0.0
3259,1438190053629,0.0
3260,1438190053647,0.0
3261,1438190053668,0.0
3262,1438190053688,0.0
3263,1438190053707,0.0
3264,1438190053728,0.0
3265,1438190053749,0.0
3266,1438190053824,0.0
3267,1438190053825,0.0
3268,1438190053827,0.0
3269,1438190053846,0.0
3270,1438190053847,0.0
3271,1438190053871,0.0
3272,1438190053887,0.0
3273,1438190053908,0.0
3274,1438190053928,0.0
3275,1438190053947,0.0
3276,1438190053967,0.0
3277,1438190053987,0.0
3278,1438190054008,0.0
3279,1438190054027,0.0
3280,1438190054049,0.0
3281,1438190054069,0.0
3282,1438190054089,0.0
3283,1438190054108,0.0
3284,1438190054129,0.0
3285,1438190054148,0.0
3286,1438190054169,0.0
3287,1438190054188,0.0
3288,1438190054214,0.0
3289,1438190054228,0.0
3290,1438190054247,0.0
3291,1438190054269,0.0
3292,1438190054290,0.0
3293,1438190054309,0.0
3294,1438190054327,0.0
3295,1438190054347,0.0
3296,1438190054369,0.0
3297,1438190054393,0.0
3298,1438190054410,0.0
3299,1438190054430,0.0
3300,1438190054447,0.0
3301,1438190054477,0.0
3302,1438190054547,0.0
3303,1438190054548,0.0
3304,1438190054549,0.0
3305,1438190054550,0.0
3306,1438190054569,0.0
3307,1438190054591,0.0
3308,1438190054606,0.0
3309,1438190054628,0.0
3310,1438190054649,0.0
3311,1438190054669,0.0
3312,1438190054687,0.0
3313,1438190054707,0.0
3314,1438190054729,0.0
3315,1438190054748,0.0
3316,1438190054768,0.0
3317,1438190054790,0.0
3318,1438190054813,0.0
3319,1438190054828,0.0
3320,1438190054850,0.0
3321,1438190054870,0.0
3322,1438190054967,0.0
3323,1438190054968,0.0
3324,1438190054969,0.0
3325,1438190054970,0.0
3326,1438190054971,0.0
3327,1438190055060,0.0
3328,1438190055061,0.0
3329,1438190055062,0.0
3330,1438190055063,0.0
3331,1438190055083,0.0
3332,1438190055087,0.0
3333,1438190055107,0.0
3334,1438190055127,0.0
3335,1438190055150,0.0
3336,1438190055172,0.0
3337,1438190055187,0.0
3338,1438190055319,0.0
3339,1438190055320,0.0
3340,1438190055321,0.0
3341,1438190055322,0.0
3342,1438190055323,0.0
3343,1438190055324,0.0
3344,1438190055351,0.0
3345,1438190055352,0.0
3346,1438190055367,0.0
3347,1438190055391,0.0
3348,1438190055407,0.0
3349,1438190055435,0.0
3350,1438190055455,0.0
3351,1438190055473,0.0
3352,1438190055487,0.0
3353,1438190055513,0.0
3354,1438190055544,0.0
3355,1438190055548,0.0
3356,1438190055571,0.0
3357,1438190055587,0.0
3358,1438190055608,0.0
3359,1438190055628,0.0
3360,1438190055648,0.0
3361,1438190055669,0.0
3362,1438190055687,0.0
3363,1438190055711,0.0
3364,1438190055726,0.0
3365,1438190055746,0.0
3366,1438190055770,0.0
3367,1438190055787,0.0
3368,1438190055807,0.0
3369,1438190055826,0.0
3370,1438190055847,0.0
3371,1438190055866,0.0
3372,1438190055886,0.0
3373,1438190055906,0.0
3374,1438190055926,0.0
3375,1438190055947,0.0
3376,1438190055967,0.0
3377,1438190055987,0.0
3378,1438190056007,0.0
3379,1438190056028,0.0
3380,1438190056048,0.0
3381,1438190056067,0.0
3382,1438190056088,0.0
3383,1438190056107,0.0
3384,1438190056129,0.0
3385,1438190056148,0.0
3386,1438190056168,0.0
3387,1438190056188,0.0
3388,1438190056208,0.0
3389,1438190056228,0.0
3390,1438190056248,0.0
3391,1438190056268,0.0
3392,1438190056290,0.0
3393,1438190056309,0.0
3394,1438190056329,0.0
3395,1438190056348,0.0
3396,1438190056369,0.0
3397,1438190056390,0.0
3398,1438190056409,0.0
3399,1438190056430,0.0
3400,1438190056449,0.0
3401,1438190056468,0.0
3402,1438190056488,0.0
3403,1438190056508,0.0
3404,1438190056529,0.0
3405,1438190056550,0.0
3406,1438190056569,0.0
3407,1438190056590,0.0
3408,1438190056611,0.0
3409,1438190056629,0.0
3410,1438190056649,0.0
3411,1438190056677,0.0
3412,1438190056730,0.0
3413,1438190056731,0.0
3414,1438190056732,0.0
3415,1438190056750,0.0
3416,1438190056769,0.0
3417,1438190056789,0.0
3418,1438190056808,0.0
3419,1438190056831,0.0
3420,1438190056849,0.0
3421,1438190056869,0.0
3422,1438190056889,0.0
3423,1438190056910,0.0
3424,1438190056931,0.0
3425,1438190056950,0.0
3426,1438190056970,0.0
3427,1438190056991,0.0
3428,1438190057011,0.0
3429,1438190057031,0.0
3430,1438190057050,0.0
3431,1438190057070,0.0
3432,1438190057092,0.0
3433,1438190057112,0.0
3434,1438190057131,0.0
3435,1438190057149,0.0
3436,1438190057170,0.0
3437,1438190057189,0.0
3438,1438190057211,0.0
3439,1438190057229,0.0
3440,1438190057252,0.0
3441,1438190057271,0.0
3442,1438190057292,0.0
3443,1438190057312,0.0
3444,1438190057333,0.0
3445,1438190057350,0.0
3446,1438190057370,0.0
3447,1438190057392,0.0
3448,1438190057411,0.0
3449,1438190057477,0.0
3450,1438190057478,0.0
3451,1438190057479,0.0
3452,1438190057492,0.0
3453,1438190057510,0.0
3454,1438190057531,0.0
3455,1438190057549,0.0
3456,1438190057572,0.0
3457,1438190057591,0.0
3458,1438190057610,0.0
3459,1438190057630,0.0
3460,1438190057650,0.0
3461,1438190057670,0.0
3462,1438190057691,0.0
3463,1438190057712,0.0
3464,1438190057732,0.0
3465,1438190057752,0.0
3466,1438190057770,0.0
3467,1438190057791,0.0
3468,1438190057812,0.0
3469,1438190057830,0.0
3470,1438190057851,0.0
3471,1438190057870,0.0
3472,1438190057890,0.0
3473,1438190057912,0.0
3474,1438190057933,0.0
3475,1438190057951,0.0
3476,1438190057972,0.0
3477,1438190057992,0.0
3478,1438190058013,0.0
3479,1438190058033,0.0
3480,1438190058052,0.0
3481,1438190058070,0.0
3482,1438190058090,0.0
3483,1438190058121,0.0
3484,1438190058240,0.0
3485,1438190058241,0.0
3486,1438190058242,0.0
3487,1438190058243,0.0
3488,1438190058244,0.0
3489,1438190058245,0.0
3490,1438190058257,0.0
3491,1438190058276,0.0
3492,1438190058290,0.0
3493,1438190058320,0.0
3494,1438190058330,0.0
3495,1438190058352,0.0
3496,1438190058377,0.0
3497,1438190058391,0.0
3498,1438190058410,0.0
3499,1438190058432,0.0
3500,1438190058453,0.0
3501,1438190058470,0.0
3502,1438190058496,0.0
3503,1438190058512,0.0
3504,1438190058532,0.0
3505,1438190058553,0.0
3506,1438190058570,0.0
3507,1438190058592,0.0
3508,1438190058618,0.0
3509,1438190058632,0.0
3510,1438190058654,0.0
3511,1438190058671,0.0
3512,1438190058694,0.0
3513,1438190058714,0.0
3514,1438190058732,0.0
3515,1438190058753,0.0
3516,1438190058772,0.0
3517,1438190058791,0.0
3518,1438190058810,0.0
3519,1438190058831,0.0
3520,1438190058853,0.0
3521,1438190058871,0.0
3522,1438190058891,0.0
3523,1438190058921,0.0
3524,1438190058938,0.0
3525,1438190058951,0.0
3526,1438190058971,0.0
3527,1438190058991,0.0
3528,1438190059012,0.0
3529,1438190059031,0.0
3530,1438190059051,0.0
3531,1438190059072,0.0
3532,1438190059097,0.0
3533,1438190059113,0.0
3534,1438190059132,0.0
3535,1438190059154,0.0
3536,1438190059170,0.0
3537,1438190059193,0.0
3538,1438190059213,0.0
3539,1438190059233,0.0
3540,1438190059252,0.0
3541,1438190059274,0.0
3542,1438190059293,0.0
3543,1438190059313,0.0
3544,1438190059334,0.0
3545,1438190059353,0.0
3546,1438190059375,0.0
3547,1438190059394,0.0
3548,1438190059414,0.0
3549,1438190059435,0.0
3550,1438190059453,0.0
3551,1438190059474,0.0
3552,1438190059492,0.0
3553,1438190059510,0.0
3554,1438190059535,0.0
3555,1438190059553,0.0
3556,1438190059572,0.0
3557,1438190059595,0.0
3558,1438190059658,0.0
3559,1438190059659,0.0
3560,1438190059660,0.0
3561,1438190059671,0.0
3562,1438190059691,0.0
3563,1438190059712,0.0
3564,1438190059734,0.0
3565,1438190059752,0.0
3566,1438190059771,0.0
3567,1438190059792,0.0
3568,1438190059812,0.0
3569,1438190059832,0.0
3570,1438190059852,0.0
3571,1438190059872,0.0
3572,1438190059892,0.0
3573,1438190059911,0.0
3574,1438190059931,0.0
3575,1438190059953,0.0
3576,1438190059974,0.0
3577,1438190059998,0.0
3578,1438190060012,0.0
3579,1438190060035,0.0
3580,1438190060053,0.0
3581,1438190060072,0.0
3582,1438190060093,0.0
3583,1438190060116,0.0
3584,1438190060135,0.0
3585,1438190060154,0.0
3586,1438190060172,0.0
3587,1438190060198,0.0
3588,1438190060218,0.0
3589,1438190060234,0.0
3590,1438190060253,0.0
3591,1438190060272,0.0
3592,1438190060338,0.0
3593,1438190060339,0.0
3594,1438190060340,0.0
3595,1438190060353,0.0
3596,1438190060378,0.0
3597,1438190060395,0.0
3598,1438190060415,0.0
3599,1438190060435,0.0
3600,1438190060452,0.0
3601,1438190060473,0.0
3602,1438190060493,0.0
3603,1438190060516,0.0
3604,1438190060532,0.0
3605,1438190060555,0.0
3606,1438190060575,0.0
3607,1438190060595,0.0
3608,1438190060616,0.0
3609,1438190060636,0.0
3610,1438190060656,0.0
3611,1438190060676,0.0
3612,1438190060695,0.0
3613,1438190060717,0.0
3614,1438190060733,0.0
3615,1438190060756,0.0
3616,1438190060775,0.0
3617,1438190060795,0.0
3618,1438190060816,0.0
3619,1438190060835,0.0
3620,1438190060854,0.0
3621,1438190060875,0.0
3622,1438190060895,0.0
3623,1438190060916,0.0
3624,1438190060936,0.0
3625,1438190060956,0.0
3626,1438190060976,0.0
3627,1438190060999,0.0
3628,1438190061064,0.0
3629,1438190061065,0.0
3630,1438190061069,0.0
3631,1438190061074,0.0
3632,1438190061102,0.0
3633,1438190061117,0.0
3634,1438190061133,0.0
3635,1438190061157,0.0
3636,1438190061173,0.0
3637,1438190061202,0.0
3638,1438190061213,0.0
3639,1438190061239,0.0
3640,1438190061253,0.0
3641,1438190061276,0.0
3642,1438190061296,0.0
3643,1438190061316,0.0
3644,1438190061336,0.0
3645,1438190061356,0.0
3646,1438190061376,0.0
3647,1438190061396,0.0
3648,1438190061416,0.0
3649,1438190061436,0.0
3650,1438190061457,0.0
3651,1438190061473,0.0
3652,1438190061496,0.0
3653,1438190061513,0.0
3654,1438190061535,0.0
3655,1438190061553,0.0
3656,1438190061573,0.0
3657,1438190061593,0.0
3658,1438190061613,0.0
3659,1438190063091,0.0
3660,1438190063092,0.0
3661,1438190063093,0.0
3662,1438190063094,0.0
3663,1438190063095,0.0
3664,1438190063096,0.0
3665,1438190063097,0.0
3666,1438190063098,0.0
3667,1438190063099,0.0
3668,1438190063100,0.0
3669,1438190063101,0.0
3670,1438190063102,0.0
3671,1438190063103,0.0
3672,1438190063104,0.0
3673,1438190063105,0.0
3674,1438190063106,0.0
3675,1438190063107,0.0
3676,1438190063108,0.0
3677,1438190063109,0.0
3678,1438190063110,0.0
3679,1438190063111,0.0
3680,1438190063112,0.0
3681,1438190063113,0.0
3682,1438190063114,0.0
3683,1438190063115,0.0
3684,1438190063116,0.0
3685,1438190063117,0.0
3686,1438190063118,0.0
3687,1438190063119,0.0
3688,1438190063120,0.0
3689,1438190063121,0.0
3690,1438190063122,0.0
3691,1438190063123,0.0
3692,1438190063124,0.0
3693,1438190063125,0.0
3694,1438190063126,0.0
3695,1438190063127,0.0
3696,1438190063128,0.0
3697,1438190063129,0.0
3698,1438190063130,0.0
3699,1438190063131,0.0
3700,1438190063132,0.0
3701,1438190063133,0.0
3702,1438190063134,0.0
3703,1438190063135,0.0
3704,1438190063136,0.0
3705,1438190063137,0.0
3706,1438190063138,0.0
3707,1438190063139,0.0
3708,1438190063140,0.0
3709,1438190063141,0.0
3710,1438190063142,0.0
3711,1438190063143,0.0
3712,1438190063144,0.0
3713,1438190063145,0.0
3714,1438190063146,0.0
3715,1438190063147,0.0
3716,1438190063148,0.0
3717,1438190063149,0.0
3718,1438190063150,0.0
3719,1438190063151,0.0
3720,1438190063152,0.0
3721,1438190063153,0.0
3722,1438190063154,0.0
3723,1438190063155,0.0
3724,1438190063156,0.0
3725,1438190063157,0.0
3726,1438190063158,0.0
3727,1438190063159,0.0
3728,1438190063160,0.0
3729,1438190063161,0.0
3730,1438190063162,0.0
3731,1438190063163,0.0
3732,1438190063164,0.0
3733,1438190063165,0.0
3734,1438190063166,0.0
3735,1438190063167,0.0
3736,1438190063173,0.0
3737,1438190063193,0.0
3738,1438190063214,0.0
3739,1438190063234,0.0
3740,1438190063254,0.0
3741,1438190063274,0.0
3742,1438190063294,0.0
3743,1438190063315,0.0
3744,1438190063339,0.0
3745,1438190063356,0.0
3746,1438190063376,0.0
3747,1438190063398,0.0
3748,1438190063416,0.0
3749,1438190063437,0.0
3750,1438190063457,0.0
3751,1438190063477,0.0
3752,1438190063500,0.0
3753,1438190063522,0.0
3754,1438190063539,0.0
3755,1438190063558,0.0
3756,1438190063577,0.0
3757,1438190063597,0.0
3758,1438190063616,0.0
3759,1438190063638,0.0
3760,1438190063703,0.0
3761,1438190063704,0.0
3762,1438190063705,0.0
3763,1438190063716,0.0
3764,1438190063772,0.0
3765,1438190063773,0.0
3766,1438190063776,0.0
3767,1438190063797,0.0
3768,1438190063819,0.0
3769,1438190063866,0.0
3770,1438190063867,0.0
3771,1438190063878,0.0
3772,1438190063895,0.0
3773,1438190063919,0.0
3774,1438190063939,0.0
3775,1438190063959,0.0
3776,1438190063979,0.0
3777,1438190063999,0.0
3778,1438190064019,0.0
3779,1438190064039,0.0
3780,1438190064060,0.0
3781,1438190064086,0.0
3782,1438190064096,0.0
3783,1438190064116,0.0
3784,1438190064136,0.0
3785,1438190064156,0.0
3786,1438190064181,0.0
3787,1438190064200,0.0
3788,1438190064217,0.0
3789,1438190064236,0.0
3790,1438190064256,0.0
3791,1438190064277,0.0
3792,1438190064298,0.0
3793,1438190064318,0.0
3794,1438190064340,0.0
3795,1438190064408,0.0
3796,1438190064409,0.0
3797,1438190064410,0.0
3798,1438190064417,0.0
3799,1438190064441,0.0
3800,1438190064457,0.0
3801,1438190064476,0.0
3802,1438190064498,0.0
3803,1438190064516,0.0
3804,1438190064537,0.0
3805,1438190064559,0.0
3806,1438190064579,0.0
3807,1438190064597,0.0
3808,1438190064620,0.0
3809,1438190064639,0.0
3810,1438190064660,0.0
3811,1438190064680,0.0
3812,1438190064700,0.0
3813,1438190064720,0.0
3814,1438190064740,0.0
3815,1438190064759,0.0
3816,1438190064777,0.0
3817,1438190064800,0.0
3818,1438190064820,0.0
3819,1438190064838,0.0
3820,1438190064863,0.0
3821,1438190064879,0.0
3822,1438190064901,0.0
3823,1438190064921,0.0
3824,1438190064941,0.0
3825,1438190064960,0.0
3826,1438190064978,0.0
3827,1438190064998,0.0
3828,1438190065019,0.0
3829,1438190065038,0.0
3830,1438190065057,0.0
3831,1438190065127,0.0
3832,1438190065128,0.0
3833,1438190065129,0.0
3834,1438190065138,0.0
3835,1438190065180,0.0
3836,1438190065181,0.0
3837,1438190065221,0.0
3838,1438190065222,0.0
3839,1438190065270,0.0
3840,1438190065271,0.0
3841,1438190065278,0.0
3842,1438190065298,0.0
3843,1438190065318,0.0
3844,1438190065338,0.0
3845,1438190065360,0.0
3846,1438190065378,0.0
3847,1438190065397,0.0
3848,1438190065420,0.0
3849,1438190065440,0.0
3850,1438190065460,0.0
3851,1438190065480,0.0
3852,1438190065499,0.0
3853,1438190065519,0.0
3854,1438190065538,0.0
3855,1438190065558,0.0
3856,1438190065578,0.0
3857,1438190065600,0.0
3858,1438190065619,0.0
3859,1438190065639,0.0
3860,1438190065658,0.0
3861,1438190065680,0.0
3862,1438190065706,0.0
3863,1438190065718,0.0
3864,1438190065738,0.0
3865,1438190065758,0.0
3866,1438190065779,0.0
3867,1438190065799,0.0
3868,1438190065818,0.0
3869,1438190065842,0.0
3870,1438190065918,0.0
3871,1438190065919,0.0
3872,1438190065920,0.0
3873,1438190065921,0.0
3874,1438190065938,0.0
3875,1438190065960,0.0
3876,1438190065978,0.0
3877,1438190066000,0.0
3878,1438190066018,0.0
3879,1438190066039,0.0
3880,1438190066058,0.0
3881,1438190066079,0.0
3882,1438190066101,0.0
3883,1438190066118,0.0
3884,1438190066140,0.0
3885,1438190066158,0.0
3886,1438190066179,0.0
3887,1438190066203,0.0
3888,1438190066219,0.0
3889,1438190066238,0.0
3890,1438190066260,0.0
3891,1438190066280,0.0
3892,1438190066299,0.0
3893,1438190066318,0.0
3894,1438190066340,0.0
3895,1438190066361,0.0
3896,1438190066380,0.0
3897,1438190066401,0.0
3898,1438190066420,0.0
3899,1438190066440,0.0
3900,1438190066461,0.0
3901,1438190066480,0.0
3902,1438190066501,0.0
3903,1438190066519,0.0
3904,1438190066540,0.0
3905,1438190066559,0.0
3906,1438190066579,0.0
3907,1438190066628,0.0
3908,1438190066629,0.0
3909,1438190066648,0.0
3910,1438190066658,0.0
3911,1438190066680,0.0
3912,1438190066699,0.0
3913,1438190066718,0.0
3914,1438190066741,0.0
3915,1438190066758,0.0
3916,1438190066778,0.0
3917,1438190066799,0.0
3918,1438190066820,0.0
3919,1438190066839,0.0
3920,1438190066860,0.0
3921,1438190066880,0.0
3922,1438190066900,0.0
3923,1438190066920,0.0
3924,1438190066940,0.0
3925,1438190066962,0.0
3926,1438190066980,0.0
3927,1438190067002,0.0
3928,1438190067022,0.0
3929,1438190067039,0.0
3930,1438190067060,0.0
3931,1438190067080,0.0
3932,1438190067100,0.0
3933,1438190067122,0.0
3934,1438190067140,0.0
3935,1438190067162,0.0
3936,1438190067180,0.0
3937,1438190067206,0.0
3938,1438190067222,0.0
3939,1438190067243,0.0
3940,1438190067260,0.0
3941,1438190067282,0.0
3942,1438190067299,0.0
3943,1438190067319,0.0
3944,1438190067340,0.0
3945,1438190067359,0.0
3946,1438190067408,0.0
3947,1438190067409,0.0
3948,1438190067427,0.0
3949,1438190067439,0.0
3950,1438190067461,0.0
3951,1438190067480,0.0
3952,1438190067500,0.0
3953,1438190067520,0.0
3954,1438190067540,0.0
3955,1438190067561,0.0
3956,1438190067580,0.0
3957,1438190067602,0.0
3958,1438190067620,0.0
3959,1438190067640,0.0
3960,1438190067660,0.0
3961,1438190067680,0.0
3962,1438190067702,0.0
3963,1438190067723,0.0
3964,1438190067743,0.0
3965,1438190067759,0.0
3966,1438190067780,0.0
3967,1438190067801,0.0
3968,1438190067820,0.0
3969,1438190067840,0.0
3970,1438190067860,0.0
3971,1438190067880,0.0
3972,1438190067900,0.0
3973,1438190067919,0.0
3974,1438190067940,0.0
3975,1438190067961,0.0
3976,1438190067980,0.0
3977,1438190068003,0.0
3978,1438190068023,0.0
3979,1438190068041,0.0
3980,1438190068061,0.0
3981,1438190068085,0.0
3982,1438190068149,0.0
3983,1438190068153,0.0
3984,1438190068154,0.0
3985,1438190068182,0.0
3986,1438190068183,0.0
3987,1438190068202,0.0
3988,1438190068226,0.0
3989,1438190068246,0.0
3990,1438190068261,0.0
3991,1438190068280,0.0
3992,1438190068302,0.0
3993,1438190068322,0.0
3994,1438190068342,0.0
3995,1438190068365,0.0
3996,1438190068380,0.0
3997,1438190068403,0.0
3998,1438190068421,0.0
3999,1438190068443,0.0
4000,1438190068465,0.0
4001,1438190068481,0.0
4002,1438190068503,0.0
4003,1438190068523,0.0
4004,1438190068541,0.0
4005,1438190068563,0.0
4006,1438190068581,0.0
4007,1438190068607,0.0
4008,1438190068623,0.0
4009,1438190068642,0.0
4010,1438190068663,0.0
4011,1438190068681,0.0
4012,1438190068702,0.0
4013,1438190068721,0.0
4014,1438190068741,0.0
4015,1438190068761,0.0
4016,1438190068782,0.0
4017,1438190068804,0.0
4018,1438190068821,0.0
4019,1438190068842,0.0
4020,1438190068873,0.0
4021,1438190068928,0.0
4022,1438190068929,0.0
4023,1438190068930,0.0
4024,1438190068949,0.0
4025,1438190068961,0.0
4026,1438190068981,0.0
4027,1438190069001,0.0
4028,1438190069021,0.0
4029,1438190069044,0.0
4030,1438190069061,0.0
4031,1438190069082,0.0
4032,1438190069101,0.0
4033,1438190069123,0.0
4034,1438190069141,0.0
4035,1438190069163,0.0
4036,1438190069181,0.0
4037,1438190069202,0.0
4038,1438190069224,0.0
4039,1438190069243,0.0
4040,1438190069263,0.0
4041,1438190069282,0.0
4042,1438190069303,0.0
4043,1438190069324,0.0
4044,1438190069341,0.0
4045,1438190069375,0.0
4046,1438190069385,0.0
4047,1438190069401,0.0
4048,1438190069421,0.0
4049,1438190069441,0.0
4050,1438190069461,0.0
4051,1438190069489,0.0
4052,1438190069503,0.0
4053,1438190069521,0.0
4054,1438190069543,0.0
4055,1438190069565,0.0
4056,1438190069584,0.0
4057,1438190069601,0.0
4058,1438190069652,0.0
4059,1438190069653,0.0
4060,1438190069662,0.0
4061,1438190069681,0.0
4062,1438190069706,0.0
4063,1438190069723,0.0
4064,1438190069743,0.0
4065,1438190069765,0.0
4066,1438190069782,0.0
4067,1438190069802,0.0
4068,1438190069823,0.0
4069,1438190069842,0.0
4070,1438190069862,0.0
4071,1438190069884,0.0
4072,1438190069905,0.0
4073,1438190069926,0.0
4074,1438190069945,0.0
4075,1438190069965,0.0
4076,1438190069984,0.0
4077,1438190070005,0.0
4078,1438190070024,0.0
4079,1438190070046,0.0
4080,1438190070062,0.0
4081,1438190070085,0.0
4082,1438190070104,0.0
4083,1438190070123,0.0
4084,1438190070148,0.0
4085,1438190070165,0.0
4086,1438190070186,0.0
4087,1438190070204,0.0
4088,1438190070226,0.0
4089,1438190070249,0.0
4090,1438190070266,0.0
4091,1438190070286,0.0
4092,1438190070305,0.0
4093,1438190070326,0.0
4094,1438190070396,0.0
4095,1438190070397,0.0
4096,1438190070398,0.0
4097,1438190070405,0.0
4098,1438190070424,0.0
4099,1438190070445,0.0
4100,1438190070462,0.0
4101,1438190070483,0.0
4102,1438190070502,0.0
4103,1438190070523,0.0
4104,1438190070543,0.0
4105,1438190070569,0.0
4106,1438190070588,0.0
4107,1438190070605,0.0
4108,1438190070625,0.0
4109,1438190070645,0.0
4110,1438190070666,0.0
4111,1438190070685,0.0
4112,1438190070705,0.0
4113,1438190070726,0.0
4114,1438190070745,0.0
4115,1438190070765,0.0
4116,1438190070784,0.0
4117,1438190070805,0.0
4118,1438190070822,0.0
4119,1438190070842,0.0
4120,1438190070862,0.0
4121,1438190070882,0.0
4122,1438190070902,0.0
4123,1438190070922,0.0
4124,1438190070942,0.0
4125,1438190070963,0.0
4126,1438190070983,0.0
4127,1438190071004,0.0
4128,1438190071027,0.0
4129,1438190071044,0.0
4130,1438190071115,0.0
4131,1438190071116,0.0
4132,1438190071117,0.0
4133,1438190071124,0.0
4134,1438190071147,0.0
4135,1438190071164,0.0
4136,1438190071187,0.0
4137,1438190071203,0.0
4138,1438190071225,0.0
4139,1438190071253,0.0
4140,1438190071277,0.0
4141,1438190071285,0.0
4142,1438190071303,0.0
4143,1438190071324,0.0
4144,1438190071346,0.0
4145,1438190071366,0.0
4146,1438190071386,0.0
4147,1438190071406,0.0
4148,1438190071426,0.0
4149,1438190071446,0.0
4150,1438190071467,0.0
4151,1438190071486,0.0
4152,1438190071508,0.0
4153,1438190071527,0.0
4154,1438190071545,0.0
4155,1438190071564,0.0
4156,1438190071583,0.0
4157,1438190071603,0.0
4158,1438190071623,0.0
4159,1438190071648,0.0
4160,1438190071664,0.0
4161,1438190071689,0.0
4162,1438190071706,0.0
4163,1438190071723,0.0
4164,1438190071744,0.0
4165,1438190071766,0.0
4166,1438190071786,0.0
4167,1438190071804,0.0
4168,1438190071872,0.0
4169,1438190071873,0.0
4170,1438190071874,0.0
4171,1438190071883,0.0
4172,1438190071910,0.0
4173,1438190071926,0.0
4174,1438190071943,0.0
4175,1438190071965,0.0
4176,1438190071983,0.0
4177,1438190072007,0.0
4178,1438190072027,0.0
4179,1438190072044,0.0
4180,1438190072063,0.0
4181,1438190072087,0.0
4182,1438190072107,0.0
4183,1438190072127,0.0
4184,1438190072148,0.0
4185,1438190072165,0.0
4186,1438190072186,0.0
4187,1438190072204,0.0
4188,1438190072226,0.0
4189,1438190072249,0.0
4190,1438190072264,0.0
4191,1438190072287,0.0
4192,1438190072307,0.0
4193,1438190072327,0.0
4194,1438190072347,0.0
4195,1438190072367,0.0
4196,1438190072385,0.0
4197,1438190072405,0.0
4198,1438190072427,0.0
4199,1438190072448,0.0
4200,1438190072468,0.0
4201,1438190072487,0.0
4202,1438190072507,0.0
4203,1438190072529,0.0
4204,1438190072591,0.0
4205,1438190072592,0.0
4206,1438190072593,0.0
4207,1438190072614,0.0
4208,1438190072624,0.0
4209,1438190072652,0.0
4210,1438190072666,0.0
4211,1438190072684,0.0
4212,1438190072705,0.0
4213,1438190072724,0.0
4214,1438190072747,0.0
4215,1438190072769,0.0
4216,1438190072785,0.0
4217,1438190072805,0.0
4218,1438190072827,0.0
4219,1438190072848,0.0
4220,1438190072868,0.0
4221,1438190072887,0.0
4222,1438190072908,0.0
4223,1438190072928,0.0
4224,1438190072946,0.0
4225,1438190072967,0.0
4226,1438190072988,0.0
4227,1438190073004,0.0
4228,1438190073028,0.0
4229,1438190073048,0.0
4230,1438190073068,0.0
4231,1438190073087,0.0
4232,1438190073108,0.0
4233,1438190073128,0.0
4234,1438190073148,0.0
4235,1438190073165,0.0
4236,1438190073189,0.0
4237,1438190073213,0.0
4238,1438190073230,0.0
4239,1438190073247,0.0
4240,1438190073267,0.0
4241,1438190073323,0.0
4242,1438190073324,0.0
4243,1438190073338,0.0
4244,1438190073346,0.0
4245,1438190073371,0.0
4246,1438190073386,0.0
4247,1438190073407,0.0
4248,1438190073427,0.0
4249,1438190073446,0.0
4250,1438190073467,0.0
4251,1438190073486,0.0
4252,1438190073507,0.0
4253,1438190073526,0.0
4254,1438190073548,0.0
4255,1438190073568,0.0
4256,1438190073585,0.0
4257,1438190073605,0.0
4258,1438190073628,0.0
4259,1438190073648,0.0
4260,1438190073668,0.0
4261,1438190073688,0.0
4262,1438190073709,0.0
4263,1438190073726,0.0
4264,1438190073749,0.0
4265,1438190073765,0.0
4266,1438190073787,0.0
4267,1438190073805,0.0
4268,1438190073830,0.0
4269,1438190073880,0.0
4270,1438190073881,0.0
4271,1438190073886,0.0
4272,1438190073905,0.0
4273,1438190073926,0.0
4274,1438190073948,0.0
4275,1438190073966,0.0
4276,1438190073989,0.0
4277,1438190074056,0.0
4278,1438190074057,0.0
4279,1438190074058,0.0
4280,1438190074066,0.0
4281,1438190074091,0.0
4282,1438190074107,0.0
4283,1438190074128,0.0
4284,1438190074148,0.0
4285,1438190074166,0.0
4286,1438190074188,0.0
4287,1438190074213,0.0
4288,1438190074230,0.0
4289,1438190074248,0.0
4290,1438190074269,0.0
4291,1438190074289,0.0
4292,1438190074309,0.0
4293,1438190074330,0.0
4294,1438190074349,0.0
4295,1438190074370,0.0
4296,1438190074389,0.0
4297,1438190074409,0.0
4298,1438190074430,0.0
4299,1438190074446,0.0
4300,1438190074470,0.0
4301,1438190074489,0.0
4302,1438190074509,0.0
4303,1438190074529,0.0
4304,1438190074550,0.0
4305,1438190074570,0.0
4306,1438190074589,0.0
4307,1438190074609,0.0
4308,1438190074648,0.0
4309,1438190074649,0.0
4310,1438190074666,0.0
4311,1438190074687,0.0
4312,1438190074706,0.0
4313,1438190074731,0.0
4314,1438190074763,0.0
4315,1438190074768,0.0
4316,1438190074787,0.0
4317,1438190074806,0.0
4318,1438190074826,0.0
4319,1438190074846,0.0
4320,1438190074866,0.0
4321,1438190074887,0.0
4322,1438190074906,0.0
4323,1438190074932,0.0
4324,1438190074946,0.0
4325,1438190074969,0.0